,0,account_status,age,credit_amount,credit_history,duration,employment,foreign_worker,housing,installment_rate,job,number_of_credits,number_of_people_liable,other_debtors,other_installments,personal_status_and_sex,property,purpose,residence_years,savings,telephone
423,,A11,39.0,2122.0,A34,12.0,A73,A202,A151,3.0,A172,2.0,2.0,A101,A143,A93,A121,A40,2.0,A61,A191
158,,A11,33.0,3966.0,A34,18.0,A75,A201,A151,1.0,A173,3.0,1.0,A101,A141,A92,A121,A40,4.0,A61,A192
594,,A11,29.0,3499.0,A34,12.0,A73,A201,A152,3.0,A173,2.0,1.0,A102,A143,A92,A121,A40,2.0,A61,A191
376,,A14,25.0,7855.0,A34,36.0,A73,A201,A152,4.0,A173,2.0,1.0,A101,A142,A92,A121,A40,2.0,A61,A192
457,,A14,25.0,3972.0,A32,24.0,A74,A201,A151,2.0,A173,1.0,1.0,A101,A143,A92,A122,A42,4.0,A61,A192
576,,A14,27.0,3609.0,A31,48.0,A73,A201,A152,1.0,A173,1.0,1.0,A101,A142,A92,A121,A49,1.0,A61,A191
254,,A14,24.0,1554.0,A34,6.0,A74,A201,A151,1.0,A173,2.0,1.0,A101,A143,A92,A123,A43,2.0,A61,A192
432,,A11,27.0,1053.0,A32,15.0,A72,A202,A152,4.0,A173,1.0,1.0,A101,A143,A94,A121,A43,2.0,A61,A191
557,,A12,42.0,8086.0,A33,36.0,A75,A201,A152,2.0,A174,4.0,1.0,A101,A143,A93,A123,A40,4.0,A62,A192
451,,A14,31.0,2782.0,A32,21.0,A74,A201,A152,1.0,A174,1.0,1.0,A101,A141,A92,A123,A40,2.0,A63,A191
577,,A14,49.0,5801.0,A34,12.0,A75,A201,A151,2.0,A173,1.0,1.0,A101,A143,A93,A122,A42,4.0,A65,A192
145,,A12,25.0,1484.0,A32,12.0,A73,A201,A152,2.0,A173,1.0,1.0,A101,A143,A94,A121,A43,1.0,A65,A192
481,,A14,29.0,2171.0,A32,12.0,A72,A201,A152,2.0,A173,1.0,1.0,A101,A141,A92,A123,A43,2.0,A61,A191
326,,A12,25.0,14421.0,A30,48.0,A73,A201,A152,2.0,A173,1.0,1.0,A101,A143,A93,A123,A49,2.0,A61,A192
147,,A11,28.0,654.0,A32,9.0,A73,A201,A152,4.0,A172,1.0,1.0,A101,A143,A93,A123,A40,3.0,A61,A191
443,,A11,22.0,2483.0,A31,24.0,A73,A201,A152,4.0,A173,1.0,1.0,A101,A142,A93,A121,A42,4.0,A63,A192
519,,A14,29.0,1412.0,A34,12.0,A73,A201,A152,4.0,A174,2.0,1.0,A103,A143,A92,A121,A49,2.0,A61,A192
245,,A12,28.0,2631.0,A32,15.0,A73,A201,A151,2.0,A173,2.0,1.0,A101,A143,A92,A123,A40,4.0,A62,A192
441,,A12,54.0,1318.0,A32,12.0,A75,A201,A152,4.0,A173,1.0,1.0,A101,A143,A93,A121,A40,4.0,A64,A192
342,,A12,70.0,7308.0,A32,10.0,A71,A201,A153,2.0,A174,1.0,1.0,A101,A141,A93,A124,A40,4.0,A61,A192
226,,A12,22.0,1331.0,A32,12.0,A72,A201,A152,2.0,A173,1.0,1.0,A101,A142,A93,A123,A43,1.0,A61,A191
210,,A14,43.0,1459.0,A34,15.0,A73,A201,A152,4.0,A172,1.0,1.0,A101,A143,A92,A123,A43,2.0,A61,A191
534,,A13,23.0,1961.0,A32,18.0,A75,A201,A152,3.0,A174,1.0,1.0,A101,A143,A92,A123,A40,2.0,A61,A191
391,,A14,35.0,1592.0,A34,12.0,A74,A202,A152,3.0,A173,1.0,1.0,A101,A143,A92,A122,A42,2.0,A64,A191
572,,A12,34.0,3496.0,A31,30.0,A73,A201,A152,4.0,A173,1.0,2.0,A101,A142,A93,A123,A42,2.0,A64,A192
340,,A11,30.0,2249.0,A32,18.0,A74,A201,A152,4.0,A174,1.0,2.0,A101,A143,A93,A123,A40,3.0,A62,A192
505,,A11,38.0,2171.0,A34,12.0,A73,A202,A152,4.0,A172,2.0,1.0,A101,A141,A93,A122,A40,4.0,A61,A191
6,,A11,57.0,3622.0,A32,30.0,A75,A201,A151,4.0,A173,2.0,1.0,A101,A143,A92,A122,A42,4.0,A64,A192
96,,A14,36.0,4042.0,A34,42.0,A73,A201,A152,4.0,A173,2.0,1.0,A101,A143,A93,A121,A42,4.0,A63,A192
327,,A14,33.0,2058.0,A34,24.0,A73,A201,A152,4.0,A173,2.0,1.0,A101,A143,A91,A121,A45,2.0,A61,A192
77,,A13,24.0,3016.0,A32,12.0,A73,A201,A152,3.0,A173,1.0,1.0,A101,A143,A94,A123,A43,1.0,A61,A191
427,,A11,27.0,2389.0,A32,18.0,A72,A201,A152,4.0,A173,1.0,1.0,A101,A142,A92,A123,A43,1.0,A61,A191
516,,A11,49.0,1262.0,A32,12.0,A75,A201,A152,2.0,A172,1.0,1.0,A101,A143,A91,A122,A42,4.0,A65,A192
130,,A14,29.0,2108.0,A32,6.0,A74,A201,A151,2.0,A173,1.0,1.0,A101,A143,A94,A121,A43,2.0,A61,A191
20,,A12,37.0,3612.0,A34,18.0,A75,A201,A152,3.0,A173,1.0,1.0,A101,A143,A92,A122,A42,4.0,A61,A192
334,,A14,47.0,1393.0,A32,12.0,A75,A201,A152,4.0,A173,3.0,2.0,A101,A141,A93,A122,A46,4.0,A61,A192
413,,A13,20.0,3617.0,A34,24.0,A75,A201,A151,4.0,A173,2.0,1.0,A102,A143,A93,A124,A42,4.0,A65,A191
232,,A12,26.0,1715.0,A32,30.0,A73,A201,A152,4.0,A173,1.0,1.0,A101,A143,A92,A123,A43,1.0,A65,A191
268,,A14,42.0,1455.0,A34,4.0,A74,A201,A152,2.0,A172,3.0,2.0,A101,A143,A93,A121,A40,1.0,A61,A191
404,,A14,31.0,6110.0,A34,48.0,A73,A201,A153,1.0,A173,1.0,1.0,A101,A141,A93,A124,A46,3.0,A61,A192
364,,A12,25.0,1206.0,A32,9.0,A75,A201,A152,4.0,A173,1.0,1.0,A101,A143,A92,A121,A43,4.0,A61,A191
381,,A13,66.0,1908.0,A33,30.0,A75,A201,A152,4.0,A174,1.0,1.0,A101,A143,A93,A121,A49,4.0,A61,A192
249,,A14,35.0,7253.0,A34,33.0,A74,A201,A152,3.0,A174,2.0,1.0,A101,A143,A93,A123,A41,2.0,A61,A192
569,,A14,32.0,4611.0,A32,6.0,A72,A201,A152,1.0,A173,1.0,1.0,A101,A143,A92,A122,A42,4.0,A61,A191
168,,A14,27.0,8648.0,A33,24.0,A72,A201,A152,2.0,A173,2.0,1.0,A101,A141,A93,A123,A49,2.0,A61,A192
331,,A11,35.0,2439.0,A32,24.0,A72,A201,A152,4.0,A173,1.0,1.0,A101,A143,A92,A121,A43,4.0,A61,A192
425,,A13,45.0,3049.0,A32,18.0,A72,A201,A152,1.0,A172,1.0,1.0,A101,A142,A92,A122,A42,1.0,A61,A191
90,,A14,35.0,1979.0,A32,15.0,A75,A201,A152,4.0,A173,1.0,1.0,A101,A143,A93,A123,A43,2.0,A65,A191
229,,A14,24.0,1800.0,A34,18.0,A73,A201,A152,4.0,A173,2.0,1.0,A101,A143,A93,A123,A43,2.0,A61,A191
165,,A11,24.0,2145.0,A33,36.0,A74,A201,A152,2.0,A173,2.0,1.0,A101,A143,A93,A123,A49,1.0,A61,A192
563,,A14,23.0,2288.0,A34,21.0,A72,A201,A152,4.0,A173,1.0,1.0,A101,A143,A92,A122,A42,4.0,A61,A192
213,,A13,27.0,1347.0,A34,10.0,A74,A201,A152,4.0,A173,2.0,1.0,A101,A143,A93,A122,A43,2.0,A65,A192
126,,A14,50.0,2241.0,A32,21.0,A75,A201,A152,4.0,A173,2.0,1.0,A101,A143,A93,A121,A42,2.0,A61,A191
490,,A12,38.0,1308.0,A32,15.0,A75,A201,A152,4.0,A172,2.0,1.0,A101,A143,A93,A123,A45,4.0,A61,A191
142,,A12,29.0,2896.0,A32,24.0,A72,A201,A152,2.0,A173,1.0,1.0,A101,A143,A93,A123,A43,1.0,A62,A191
321,,A14,35.0,5842.0,A34,36.0,A75,A201,A152,2.0,A173,2.0,2.0,A101,A143,A93,A122,A41,2.0,A61,A192
201,,A12,48.0,1795.0,A34,18.0,A75,A201,A151,3.0,A172,2.0,1.0,A103,A141,A92,A121,A43,4.0,A61,A192
507,,A14,50.0,2390.0,A32,12.0,A75,A201,A152,4.0,A173,1.0,1.0,A101,A143,A93,A123,A40,3.0,A65,A192
524,,A14,34.0,1569.0,A31,15.0,A75,A201,A152,4.0,A172,1.0,2.0,A101,A141,A93,A123,A43,4.0,A62,A191
360,,A11,29.0,3357.0,A32,21.0,A72,A201,A152,4.0,A173,1.0,1.0,A101,A141,A92,A123,A43,2.0,A64,A191
529,,A14,27.0,2463.0,A34,24.0,A74,A201,A152,4.0,A173,2.0,1.0,A101,A143,A94,A122,A40,3.0,A62,A192
149,,A11,29.0,11816.0,A30,45.0,A75,A201,A151,2.0,A173,2.0,1.0,A101,A143,A93,A123,A49,4.0,A61,A191
230,,A11,66.0,1526.0,A34,12.0,A75,A201,A153,4.0,A174,2.0,1.0,A101,A143,A93,A124,A41,4.0,A61,A191
131,,A11,55.0,6872.0,A31,24.0,A72,A201,A152,2.0,A173,1.0,1.0,A101,A141,A91,A122,A42,1.0,A61,A192
528,,A11,33.0,950.0,A30,15.0,A75,A201,A151,4.0,A173,2.0,2.0,A101,A143,A93,A123,A40,3.0,A61,A191
517,,A13,25.0,5152.0,A32,24.0,A74,A201,A152,4.0,A173,1.0,1.0,A101,A141,A93,A123,A43,2.0,A61,A191
247,,A11,47.0,8335.0,A32,36.0,A75,A201,A153,3.0,A173,1.0,1.0,A101,A143,A93,A124,A41,4.0,A65,A191
9,,A14,23.0,7127.0,A34,36.0,A72,A201,A151,2.0,A173,2.0,1.0,A101,A143,A92,A122,A42,4.0,A61,A192
287,,A14,38.0,1533.0,A32,24.0,A72,A201,A152,4.0,A173,1.0,1.0,A101,A142,A92,A123,A43,3.0,A61,A192
304,,A14,44.0,2375.0,A33,24.0,A73,A201,A152,4.0,A173,2.0,2.0,A101,A143,A93,A123,A49,2.0,A63,A192
418,,A12,31.0,1928.0,A34,18.0,A72,A201,A152,2.0,A172,2.0,1.0,A101,A143,A93,A121,A42,2.0,A61,A191
100,,A14,34.0,1525.0,A32,24.0,A74,A201,A152,4.0,A173,1.0,2.0,A101,A143,A92,A123,A40,3.0,A64,A192
540,,A14,54.0,672.0,A32,6.0,A71,A201,A152,1.0,A171,1.0,1.0,A101,A143,A92,A121,A40,4.0,A61,A192
238,,A14,28.0,1249.0,A32,24.0,A72,A201,A152,4.0,A173,1.0,1.0,A101,A143,A94,A121,A40,2.0,A61,A191
587,,A14,26.0,1453.0,A32,18.0,A72,A201,A152,3.0,A173,1.0,1.0,A101,A143,A92,A121,A43,1.0,A61,A191
491,,A11,29.0,3590.0,A32,12.0,A73,A201,A152,2.0,A172,1.0,2.0,A102,A143,A93,A122,A42,2.0,A61,A191
125,,A12,50.0,1537.0,A34,15.0,A75,A201,A152,4.0,A173,2.0,1.0,A103,A143,A93,A121,A43,4.0,A65,A192
373,,A14,47.0,1213.0,A32,15.0,A75,A201,A152,4.0,A173,1.0,1.0,A101,A142,A93,A122,A43,3.0,A63,A192
63,,A12,23.0,11560.0,A32,24.0,A73,A201,A151,1.0,A174,2.0,1.0,A101,A143,A92,A123,A41,4.0,A61,A191
43,,A11,28.0,1108.0,A30,12.0,A74,A201,A152,4.0,A173,2.0,1.0,A101,A143,A93,A121,A45,3.0,A61,A191
132,,A14,34.0,2759.0,A30,12.0,A75,A201,A152,2.0,A173,2.0,1.0,A101,A143,A93,A122,A42,4.0,A61,A191
186,,A11,45.0,339.0,A31,12.0,A75,A201,A152,4.0,A172,1.0,1.0,A101,A141,A94,A123,A48,1.0,A61,A191
220,,A11,30.0,7174.0,A32,42.0,A74,A201,A152,4.0,A174,1.0,1.0,A101,A143,A92,A123,A43,3.0,A65,A192
52,,A14,34.0,1898.0,A34,6.0,A73,A201,A152,1.0,A172,2.0,2.0,A101,A143,A93,A121,A43,2.0,A65,A191
294,,A14,46.0,1829.0,A34,15.0,A75,A201,A152,4.0,A173,2.0,1.0,A101,A143,A93,A123,A43,4.0,A61,A192
1,,A11,32.0,2325.0,A31,24.0,A74,A201,A152,2.0,A173,1.0,1.0,A101,A141,A93,A123,A40,3.0,A62,A191
537,,A14,57.0,1154.0,A34,11.0,A71,A201,A152,4.0,A172,3.0,1.0,A101,A143,A92,A121,A43,4.0,A62,A191
71,,A12,26.0,4280.0,A30,30.0,A73,A201,A151,4.0,A172,2.0,1.0,A101,A143,A92,A123,A49,4.0,A62,A191
37,,A12,27.0,3652.0,A34,21.0,A74,A201,A152,2.0,A173,2.0,1.0,A101,A143,A93,A122,A49,3.0,A61,A191
303,,A14,37.0,2279.0,A32,12.0,A73,A201,A153,4.0,A173,1.0,1.0,A101,A143,A93,A124,A43,4.0,A65,A192
225,,A14,43.0,1533.0,A32,18.0,A72,A201,A152,4.0,A172,1.0,2.0,A102,A143,A94,A122,A42,1.0,A61,A191
466,,A13,63.0,781.0,A34,10.0,A75,A201,A153,4.0,A173,2.0,1.0,A101,A143,A93,A124,A40,4.0,A61,A192
207,,A14,44.0,5507.0,A34,24.0,A75,A201,A153,3.0,A173,2.0,1.0,A101,A143,A93,A124,A45,4.0,A61,A191
49,,A14,33.0,1927.0,A34,24.0,A73,A201,A152,3.0,A173,2.0,1.0,A101,A143,A92,A123,A46,2.0,A65,A192
60,,A14,30.0,11054.0,A34,36.0,A73,A201,A152,4.0,A174,1.0,1.0,A101,A143,A93,A123,A41,2.0,A65,A192
138,,A12,41.0,3979.0,A32,48.0,A74,A201,A152,4.0,A173,2.0,2.0,A101,A143,A93,A123,A43,1.0,A65,A192
445,,A11,50.0,5293.0,A30,27.0,A71,A201,A152,2.0,A173,2.0,1.0,A101,A142,A93,A122,A49,4.0,A61,A192
47,,A12,27.0,4576.0,A34,45.0,A71,A201,A152,3.0,A173,1.0,1.0,A101,A143,A93,A123,A41,4.0,A62,A191
417,,A14,38.0,2859.0,A32,12.0,A71,A201,A152,4.0,A174,1.0,1.0,A101,A143,A93,A124,A40,4.0,A65,A192
565,,A12,50.0,2671.0,A32,36.0,A73,A201,A153,4.0,A173,1.0,1.0,A102,A143,A92,A124,A43,4.0,A62,A191
256,,A13,46.0,1343.0,A34,6.0,A75,A202,A152,1.0,A173,2.0,2.0,A101,A143,A93,A121,A40,4.0,A61,A191
450,,A11,36.0,1940.0,A31,18.0,A72,A201,A153,3.0,A174,1.0,1.0,A102,A141,A93,A124,A43,4.0,A61,A192
319,,A11,28.0,4169.0,A32,24.0,A73,A201,A152,4.0,A173,1.0,1.0,A101,A143,A93,A122,A42,4.0,A61,A191
383,,A14,28.0,2603.0,A32,24.0,A73,A201,A151,2.0,A173,1.0,1.0,A101,A143,A92,A123,A41,4.0,A64,A192
181,,A11,60.0,1199.0,A34,24.0,A75,A201,A152,4.0,A172,2.0,1.0,A101,A143,A93,A123,A40,4.0,A61,A191
403,,A14,42.0,1503.0,A34,4.0,A74,A201,A152,2.0,A172,2.0,2.0,A101,A143,A93,A121,A43,1.0,A61,A191
556,,A12,36.0,884.0,A34,18.0,A75,A201,A152,4.0,A173,1.0,2.0,A101,A141,A93,A123,A40,4.0,A61,A192
27,,A11,22.0,3632.0,A31,24.0,A73,A202,A151,1.0,A173,1.0,1.0,A103,A141,A92,A123,A41,4.0,A61,A191
286,,A14,26.0,3181.0,A32,24.0,A72,A201,A152,4.0,A173,1.0,1.0,A101,A143,A92,A122,A43,4.0,A61,A192
67,,A14,29.0,7166.0,A32,42.0,A74,A201,A151,2.0,A173,1.0,1.0,A101,A143,A94,A122,A43,4.0,A65,A192
309,,A14,29.0,1169.0,A34,18.0,A73,A201,A152,4.0,A173,2.0,1.0,A101,A143,A93,A122,A43,3.0,A65,A192
315,,A11,26.0,3599.0,A32,21.0,A74,A201,A151,1.0,A172,1.0,1.0,A101,A143,A92,A123,A42,4.0,A61,A191
119,,A12,50.0,6224.0,A33,48.0,A75,A201,A153,4.0,A173,1.0,1.0,A101,A143,A93,A124,A46,4.0,A61,A191
308,,A11,23.0,1200.0,A32,12.0,A73,A201,A151,4.0,A173,1.0,1.0,A101,A141,A92,A122,A46,4.0,A65,A192
535,,A13,29.0,683.0,A33,6.0,A72,A201,A152,2.0,A173,1.0,1.0,A101,A141,A92,A122,A43,1.0,A61,A191
196,,A14,26.0,4272.0,A33,30.0,A73,A201,A152,2.0,A172,2.0,1.0,A101,A143,A93,A122,A49,2.0,A62,A191
339,,A12,30.0,4795.0,A32,36.0,A72,A201,A152,4.0,A174,1.0,1.0,A101,A143,A92,A124,A43,1.0,A61,A192
479,,A13,57.0,1258.0,A32,24.0,A73,A201,A152,3.0,A172,1.0,1.0,A101,A143,A92,A123,A43,3.0,A63,A191
255,,A12,40.0,4297.0,A33,18.0,A75,A201,A152,4.0,A174,1.0,1.0,A101,A143,A91,A124,A42,3.0,A61,A192
348,,A12,35.0,1050.0,A33,6.0,A71,A201,A152,4.0,A174,2.0,1.0,A101,A142,A93,A122,A42,1.0,A61,A192
295,,A12,30.0,2063.0,A32,6.0,A72,A201,A151,4.0,A174,1.0,1.0,A101,A143,A94,A123,A43,3.0,A61,A192
500,,A11,25.0,1371.0,A32,24.0,A73,A201,A151,4.0,A173,1.0,1.0,A101,A143,A92,A121,A40,4.0,A65,A191
477,,A12,74.0,5129.0,A31,9.0,A75,A201,A153,2.0,A174,1.0,2.0,A101,A141,A92,A124,A41,4.0,A61,A192
188,,A11,39.0,860.0,A34,6.0,A75,A201,A152,1.0,A173,2.0,1.0,A101,A143,A92,A124,A40,4.0,A61,A192
538,,A12,30.0,5866.0,A32,18.0,A73,A201,A152,2.0,A173,2.0,1.0,A101,A143,A93,A123,A40,2.0,A62,A192
80,,A14,29.0,2743.0,A34,28.0,A75,A201,A152,4.0,A173,2.0,1.0,A101,A143,A93,A123,A43,2.0,A61,A191
322,,A14,51.0,1595.0,A32,6.0,A74,A201,A152,3.0,A173,1.0,2.0,A101,A143,A93,A122,A43,2.0,A61,A191
438,,A11,63.0,6836.0,A33,60.0,A75,A201,A152,3.0,A173,2.0,1.0,A101,A143,A93,A124,A49,4.0,A61,A192
141,,A14,40.0,1386.0,A32,15.0,A73,A201,A151,4.0,A173,1.0,1.0,A101,A143,A94,A121,A43,2.0,A65,A192
86,,A13,51.0,2892.0,A32,24.0,A75,A201,A153,3.0,A173,1.0,1.0,A101,A143,A91,A124,A42,4.0,A61,A191
134,,A11,28.0,1403.0,A32,15.0,A73,A201,A151,2.0,A173,1.0,1.0,A101,A143,A92,A123,A40,4.0,A61,A191
115,,A12,23.0,841.0,A32,12.0,A74,A201,A151,2.0,A172,1.0,1.0,A101,A143,A92,A121,A49,4.0,A62,A191
468,,A12,61.0,1512.0,A33,15.0,A73,A201,A152,3.0,A173,2.0,1.0,A101,A142,A94,A122,A45,3.0,A64,A191
143,,A14,31.0,3378.0,A32,18.0,A73,A201,A152,2.0,A173,1.0,1.0,A101,A143,A93,A122,A41,1.0,A65,A192
206,,A14,42.0,1544.0,A34,4.0,A74,A201,A152,2.0,A172,3.0,2.0,A101,A143,A93,A121,A43,1.0,A61,A191
299,,A12,25.0,2762.0,A32,12.0,A75,A201,A152,1.0,A173,1.0,1.0,A101,A141,A92,A122,A42,2.0,A65,A192
539,,A14,42.0,3331.0,A34,12.0,A75,A201,A152,2.0,A173,1.0,1.0,A101,A142,A93,A122,A42,4.0,A61,A191
26,,A13,49.0,3656.0,A34,30.0,A75,A201,A152,4.0,A172,2.0,1.0,A101,A142,A93,A122,A43,4.0,A65,A191
382,,A14,62.0,1338.0,A32,6.0,A73,A201,A152,1.0,A173,1.0,1.0,A101,A143,A91,A121,A44,4.0,A63,A191
512,,A11,48.0,1288.0,A34,9.0,A75,A202,A152,3.0,A173,2.0,2.0,A103,A143,A93,A121,A45,4.0,A62,A191
258,,A12,30.0,639.0,A32,12.0,A73,A201,A152,4.0,A173,1.0,1.0,A101,A143,A93,A123,A45,2.0,A61,A191
370,,A12,27.0,2326.0,A34,15.0,A73,A201,A152,2.0,A173,1.0,1.0,A101,A141,A93,A123,A49,4.0,A63,A191
200,,A14,23.0,3488.0,A32,24.0,A74,A201,A152,3.0,A173,1.0,1.0,A101,A143,A92,A123,A41,4.0,A62,A191
106,,A14,36.0,6304.0,A34,36.0,A75,A201,A152,4.0,A173,2.0,1.0,A101,A143,A93,A121,A49,4.0,A65,A191
347,,A12,35.0,1549.0,A32,9.0,A72,A201,A152,4.0,A171,1.0,1.0,A101,A143,A93,A121,A40,2.0,A65,A191
29,,A13,74.0,1299.0,A34,6.0,A73,A202,A152,1.0,A171,3.0,2.0,A101,A143,A93,A121,A40,1.0,A61,A191
454,,A14,21.0,15653.0,A33,60.0,A74,A201,A152,2.0,A173,2.0,1.0,A101,A143,A93,A123,A43,4.0,A61,A192
496,,A14,35.0,2397.0,A32,24.0,A75,A201,A152,3.0,A173,2.0,1.0,A101,A141,A93,A123,A43,2.0,A63,A192
363,,A12,40.0,1322.0,A34,11.0,A73,A201,A152,4.0,A173,2.0,1.0,A101,A143,A92,A123,A40,4.0,A64,A191
153,,A12,37.0,1922.0,A32,12.0,A73,A201,A152,4.0,A172,1.0,1.0,A101,A143,A93,A122,A42,2.0,A61,A191
54,,A14,38.0,5711.0,A34,36.0,A75,A201,A152,4.0,A174,2.0,1.0,A101,A143,A93,A123,A41,2.0,A64,A192
28,,A13,46.0,2251.0,A32,12.0,A73,A201,A152,1.0,A172,1.0,1.0,A101,A143,A92,A123,A42,2.0,A61,A191
270,,A12,31.0,7582.0,A33,48.0,A71,A201,A153,2.0,A174,1.0,1.0,A101,A143,A93,A124,A410,4.0,A62,A192
492,,A11,25.0,8065.0,A34,36.0,A73,A201,A152,3.0,A174,2.0,1.0,A101,A143,A92,A124,A46,2.0,A61,A192
152,,A14,37.0,12749.0,A33,48.0,A74,A201,A152,4.0,A174,1.0,1.0,A101,A143,A93,A123,A43,1.0,A63,A192
420,,A14,33.0,3074.0,A34,9.0,A73,A201,A152,1.0,A173,2.0,2.0,A101,A143,A93,A121,A43,2.0,A65,A191
474,,A11,33.0,1131.0,A32,18.0,A71,A201,A152,4.0,A173,1.0,1.0,A101,A143,A92,A123,A42,2.0,A61,A191
595,,A12,68.0,1175.0,A34,16.0,A71,A201,A153,2.0,A171,3.0,1.0,A101,A143,A93,A123,A40,3.0,A61,A192
447,,A14,35.0,2684.0,A34,24.0,A73,A201,A152,4.0,A172,2.0,1.0,A101,A143,A93,A121,A43,2.0,A61,A191
469,,A11,44.0,3384.0,A34,6.0,A73,A201,A151,1.0,A174,1.0,1.0,A101,A143,A91,A121,A42,4.0,A61,A192
102,,A14,37.0,1819.0,A32,36.0,A73,A201,A153,4.0,A173,1.0,1.0,A101,A142,A93,A124,A46,4.0,A61,A192
599,,A14,20.0,4675.0,A32,12.0,A72,A201,A151,1.0,A173,1.0,1.0,A101,A143,A92,A123,A41,4.0,A65,A191
553,,A12,24.0,6560.0,A32,48.0,A74,A201,A152,3.0,A173,1.0,1.0,A101,A143,A93,A122,A40,2.0,A62,A191
195,,A12,36.0,2366.0,A34,12.0,A74,A201,A152,3.0,A174,1.0,1.0,A101,A143,A91,A123,A40,3.0,A63,A192
284,,A12,43.0,4057.0,A32,24.0,A74,A201,A152,3.0,A173,1.0,1.0,A101,A143,A91,A123,A42,3.0,A61,A192
83,,A14,24.0,1568.0,A32,18.0,A73,A201,A151,3.0,A172,1.0,1.0,A101,A143,A92,A122,A49,4.0,A62,A191
178,,A12,41.0,2503.0,A33,30.0,A75,A201,A152,4.0,A173,2.0,1.0,A101,A142,A93,A122,A49,2.0,A62,A191
362,,A12,34.0,2825.0,A34,24.0,A74,A201,A152,4.0,A173,2.0,2.0,A101,A143,A93,A124,A49,3.0,A65,A192
424,,A14,33.0,1851.0,A34,24.0,A74,A201,A152,4.0,A173,2.0,1.0,A103,A143,A94,A123,A43,2.0,A61,A192
197,,A14,63.0,13756.0,A34,60.0,A75,A201,A153,2.0,A174,1.0,1.0,A101,A141,A93,A124,A40,4.0,A65,A192
302,,A14,23.0,3812.0,A32,15.0,A72,A201,A152,1.0,A173,1.0,1.0,A101,A143,A92,A123,A41,4.0,A62,A192
124,,A11,24.0,1275.0,A32,15.0,A73,A201,A151,4.0,A173,1.0,1.0,A101,A143,A92,A123,A44,2.0,A65,A191
94,,A12,27.0,14027.0,A32,60.0,A74,A201,A152,4.0,A174,1.0,1.0,A101,A143,A93,A124,A40,2.0,A61,A192
434,,A14,36.0,3275.0,A34,21.0,A75,A201,A152,1.0,A174,1.0,1.0,A101,A143,A93,A123,A41,4.0,A61,A192
523,,A14,40.0,7678.0,A33,36.0,A74,A201,A152,2.0,A173,2.0,1.0,A101,A143,A92,A123,A42,4.0,A63,A192
401,,A14,30.0,2333.0,A32,30.0,A75,A201,A152,4.0,A174,1.0,1.0,A101,A141,A93,A123,A43,2.0,A63,A191
536,,A12,21.0,2779.0,A32,18.0,A73,A201,A151,1.0,A173,1.0,1.0,A101,A143,A94,A123,A41,3.0,A61,A192
588,,A11,55.0,2578.0,A32,12.0,A71,A201,A153,3.0,A174,1.0,1.0,A101,A143,A92,A124,A42,4.0,A61,A191
155,,A14,28.0,3595.0,A32,36.0,A75,A201,A152,4.0,A173,1.0,1.0,A101,A143,A93,A123,A43,2.0,A61,A191
472,,A14,26.0,5433.0,A32,24.0,A71,A201,A151,2.0,A174,1.0,1.0,A101,A143,A92,A122,A41,4.0,A65,A192
65,,A12,26.0,1424.0,A34,12.0,A74,A201,A152,4.0,A173,1.0,1.0,A101,A143,A93,A122,A44,3.0,A61,A191
234,,A12,39.0,11938.0,A34,24.0,A73,A201,A152,2.0,A174,2.0,2.0,A102,A143,A93,A123,A410,3.0,A61,A192
307,,A13,37.0,1344.0,A34,24.0,A74,A201,A152,4.0,A172,2.0,2.0,A101,A141,A93,A121,A40,2.0,A65,A191
55,,A13,39.0,1271.0,A34,15.0,A73,A201,A153,3.0,A173,2.0,1.0,A101,A143,A93,A124,A43,4.0,A65,A192
464,,A11,26.0,4370.0,A33,42.0,A74,A201,A152,3.0,A173,2.0,2.0,A101,A141,A93,A122,A43,2.0,A61,A192
264,,A12,23.0,1048.0,A31,10.0,A73,A201,A152,4.0,A172,1.0,1.0,A101,A142,A93,A121,A43,4.0,A61,A191
128,,A11,22.0,741.0,A32,12.0,A71,A201,A152,4.0,A173,1.0,1.0,A101,A143,A92,A122,A44,3.0,A62,A191
542,,A11,36.0,3905.0,A34,11.0,A73,A201,A151,2.0,A173,2.0,2.0,A101,A143,A93,A121,A40,2.0,A61,A191
32,,A13,26.0,1925.0,A32,24.0,A73,A201,A152,2.0,A173,1.0,1.0,A101,A143,A93,A121,A42,2.0,A61,A191
449,,A11,42.0,3446.0,A32,36.0,A75,A201,A152,4.0,A173,1.0,2.0,A101,A143,A93,A123,A42,2.0,A61,A191
140,,A14,42.0,10477.0,A34,36.0,A75,A201,A153,2.0,A173,2.0,1.0,A101,A143,A93,A124,A41,4.0,A65,A191
482,,A11,29.0,5179.0,A32,36.0,A74,A201,A152,4.0,A173,1.0,1.0,A101,A143,A93,A122,A42,2.0,A61,A191
520,,A13,36.0,1275.0,A34,24.0,A73,A201,A152,2.0,A173,2.0,1.0,A101,A143,A91,A121,A49,4.0,A64,A192
239,,A14,30.0,1820.0,A32,18.0,A73,A201,A152,2.0,A174,1.0,1.0,A101,A143,A94,A122,A40,2.0,A61,A192
41,,A14,32.0,4594.0,A32,18.0,A72,A201,A152,3.0,A173,1.0,1.0,A101,A143,A93,A123,A43,2.0,A61,A192
415,,A14,23.0,3368.0,A34,15.0,A75,A201,A151,3.0,A173,2.0,1.0,A101,A143,A93,A124,A41,4.0,A64,A192
64,,A12,22.0,1514.0,A32,15.0,A73,A201,A152,4.0,A173,1.0,1.0,A103,A143,A93,A121,A45,2.0,A62,A191
14,,A12,34.0,2622.0,A32,18.0,A73,A201,A152,4.0,A173,1.0,1.0,A101,A143,A93,A123,A49,4.0,A62,A191
260,,A12,22.0,3092.0,A32,24.0,A72,A201,A151,3.0,A173,1.0,1.0,A101,A143,A94,A123,A43,2.0,A62,A192
51,,A14,40.0,1597.0,A32,10.0,A73,A202,A151,3.0,A172,1.0,2.0,A101,A143,A93,A124,A40,2.0,A63,A191
311,,A14,35.0,976.0,A34,12.0,A75,A201,A152,4.0,A173,2.0,1.0,A101,A143,A93,A123,A43,4.0,A65,A191
89,,A14,38.0,1495.0,A34,12.0,A75,A201,A152,4.0,A172,2.0,2.0,A101,A143,A93,A121,A40,1.0,A61,A191
462,,A14,22.0,1478.0,A32,9.0,A74,A201,A152,4.0,A173,1.0,1.0,A101,A143,A93,A123,A43,2.0,A61,A191
410,,A11,43.0,2442.0,A34,27.0,A75,A201,A152,4.0,A174,4.0,2.0,A101,A142,A93,A123,A49,4.0,A61,A192
527,,A11,41.0,662.0,A32,6.0,A72,A201,A152,3.0,A172,1.0,2.0,A101,A143,A93,A121,A40,4.0,A61,A192
205,,A12,27.0,1924.0,A32,18.0,A72,A201,A151,4.0,A173,1.0,1.0,A101,A143,A92,A121,A42,3.0,A65,A191
332,,A12,58.0,15945.0,A30,54.0,A72,A201,A151,3.0,A173,1.0,1.0,A101,A143,A93,A124,A49,4.0,A61,A192
162,,A13,23.0,3913.0,A32,36.0,A73,A201,A152,2.0,A173,1.0,1.0,A101,A143,A93,A121,A43,2.0,A61,A192
66,,A13,26.0,3749.0,A32,24.0,A72,A201,A152,2.0,A173,1.0,1.0,A101,A143,A92,A123,A42,4.0,A61,A191
151,,A14,41.0,2580.0,A33,21.0,A72,A201,A152,4.0,A172,1.0,2.0,A101,A141,A93,A121,A49,2.0,A63,A191
112,,A12,49.0,1092.0,A32,12.0,A73,A201,A152,4.0,A173,2.0,1.0,A103,A143,A92,A121,A43,4.0,A61,A192
17,,A14,42.0,10366.0,A32,60.0,A75,A201,A152,2.0,A174,1.0,1.0,A101,A143,A93,A122,A40,4.0,A61,A192
439,,A14,30.0,1740.0,A34,6.0,A75,A201,A151,2.0,A173,2.0,1.0,A101,A143,A94,A121,A43,2.0,A61,A191
122,,A12,36.0,6967.0,A33,24.0,A74,A201,A151,4.0,A174,1.0,1.0,A101,A143,A93,A123,A49,4.0,A62,A192
219,,A14,24.0,4811.0,A32,30.0,A74,A201,A151,2.0,A172,1.0,1.0,A101,A142,A92,A122,A41,4.0,A65,A191
46,,A12,44.0,760.0,A32,8.0,A74,A201,A152,4.0,A172,1.0,1.0,A103,A143,A92,A121,A43,2.0,A61,A191
242,,A12,28.0,4249.0,A34,30.0,A71,A201,A152,4.0,A174,2.0,1.0,A101,A143,A94,A123,A40,2.0,A61,A191
335,,A11,63.0,2957.0,A34,24.0,A75,A201,A152,4.0,A173,2.0,1.0,A101,A143,A93,A122,A41,4.0,A61,A192
291,,A11,33.0,2359.0,A32,24.0,A71,A201,A152,1.0,A173,1.0,1.0,A101,A143,A91,A122,A42,1.0,A62,A191
150,,A14,28.0,1376.0,A32,24.0,A74,A201,A152,4.0,A173,1.0,1.0,A101,A143,A92,A123,A43,1.0,A63,A191
407,,A12,34.0,5800.0,A34,36.0,A73,A201,A152,3.0,A173,2.0,1.0,A101,A143,A93,A123,A41,4.0,A61,A192
160,,A14,74.0,3448.0,A32,5.0,A74,A201,A152,1.0,A172,1.0,1.0,A101,A143,A93,A121,A49,4.0,A61,A191
171,,A12,25.0,2991.0,A32,30.0,A75,A201,A152,2.0,A173,1.0,1.0,A101,A143,A92,A123,A43,4.0,A65,A191
279,,A12,25.0,2969.0,A30,12.0,A72,A201,A151,4.0,A173,2.0,1.0,A101,A143,A92,A122,A42,3.0,A61,A191
266,,A12,54.0,7432.0,A33,36.0,A73,A201,A151,2.0,A173,1.0,1.0,A101,A143,A92,A122,A40,2.0,A61,A191
456,,A14,39.0,6458.0,A31,18.0,A75,A201,A152,2.0,A174,2.0,2.0,A101,A141,A93,A124,A40,4.0,A61,A192
223,,A14,28.0,2284.0,A32,24.0,A74,A201,A152,4.0,A173,1.0,1.0,A101,A143,A93,A123,A43,2.0,A61,A192
251,,A12,29.0,2629.0,A33,20.0,A73,A201,A152,2.0,A173,2.0,1.0,A101,A141,A93,A123,A410,3.0,A61,A192
552,,A11,31.0,3108.0,A32,30.0,A72,A201,A152,2.0,A172,1.0,1.0,A101,A143,A91,A122,A42,4.0,A61,A191
566,,A14,34.0,1950.0,A32,18.0,A74,A201,A152,4.0,A173,2.0,1.0,A101,A142,A93,A123,A49,1.0,A61,A192
237,,A11,20.0,674.0,A32,12.0,A74,A201,A152,4.0,A173,1.0,1.0,A101,A143,A94,A122,A43,1.0,A62,A191
448,,A14,36.0,1262.0,A32,15.0,A74,A201,A152,4.0,A173,2.0,1.0,A101,A143,A93,A122,A44,3.0,A63,A192
430,,A12,23.0,3758.0,A32,24.0,A71,A201,A151,1.0,A171,1.0,1.0,A101,A143,A92,A124,A43,4.0,A63,A191
436,,A11,32.0,4583.0,A30,30.0,A73,A201,A152,2.0,A173,2.0,1.0,A103,A143,A91,A121,A42,2.0,A61,A191
498,,A11,23.0,976.0,A32,18.0,A72,A201,A152,1.0,A172,1.0,1.0,A101,A143,A92,A123,A40,2.0,A61,A191
267,,A14,50.0,1236.0,A32,6.0,A73,A201,A151,2.0,A173,1.0,1.0,A101,A143,A93,A122,A41,4.0,A63,A191
409,,A11,28.0,1797.0,A34,13.0,A72,A201,A152,3.0,A172,2.0,1.0,A101,A141,A93,A122,A49,1.0,A61,A191
369,,A11,65.0,2600.0,A32,18.0,A73,A201,A153,4.0,A173,2.0,1.0,A101,A143,A93,A124,A43,4.0,A61,A191
506,,A12,23.0,1246.0,A32,24.0,A72,A201,A152,4.0,A172,1.0,1.0,A101,A142,A93,A121,A40,2.0,A61,A191
521,,A14,31.0,9566.0,A34,36.0,A73,A201,A152,2.0,A173,2.0,1.0,A101,A142,A92,A123,A43,2.0,A61,A191
392,,A14,33.0,1478.0,A33,15.0,A73,A201,A152,4.0,A173,2.0,1.0,A101,A141,A94,A121,A43,3.0,A61,A191
31,,A14,31.0,1736.0,A32,12.0,A74,A201,A152,3.0,A172,1.0,1.0,A101,A143,A92,A121,A42,4.0,A61,A191
460,,A11,25.0,2136.0,A32,9.0,A73,A201,A152,3.0,A173,1.0,1.0,A101,A143,A93,A121,A42,2.0,A61,A191
221,,A12,34.0,1837.0,A31,24.0,A74,A201,A153,4.0,A172,1.0,1.0,A101,A141,A92,A124,A46,4.0,A61,A191
495,,A14,43.0,2515.0,A32,18.0,A73,A201,A152,3.0,A173,1.0,1.0,A101,A143,A93,A121,A42,4.0,A61,A192
163,,A13,31.0,4473.0,A32,36.0,A75,A201,A152,4.0,A173,1.0,1.0,A101,A143,A93,A123,A43,2.0,A61,A191
324,,A14,32.0,2848.0,A32,10.0,A73,A201,A152,1.0,A173,1.0,2.0,A102,A143,A93,A121,A41,2.0,A62,A191
214,,A11,27.0,4020.0,A32,24.0,A73,A201,A152,2.0,A173,1.0,1.0,A101,A142,A93,A123,A42,2.0,A61,A191
584,,A14,25.0,1262.0,A32,12.0,A73,A201,A152,3.0,A173,1.0,1.0,A101,A143,A93,A123,A43,2.0,A61,A191
16,,A14,40.0,894.0,A32,10.0,A74,A201,A152,4.0,A173,1.0,1.0,A101,A143,A92,A122,A48,3.0,A65,A192
574,,A13,37.0,2100.0,A32,18.0,A73,A201,A152,4.0,A173,1.0,1.0,A102,A142,A93,A121,A43,2.0,A61,A191
488,,A14,64.0,1364.0,A32,10.0,A73,A201,A152,2.0,A173,1.0,1.0,A101,A143,A92,A123,A40,4.0,A61,A192
44,,A11,51.0,1164.0,A34,8.0,A75,A201,A153,3.0,A174,2.0,2.0,A101,A141,A93,A124,A410,4.0,A61,A192
455,,A14,46.0,2611.0,A34,24.0,A75,A201,A152,4.0,A173,2.0,1.0,A102,A143,A94,A121,A43,3.0,A61,A191
11,,A12,46.0,1223.0,A32,12.0,A75,A201,A151,1.0,A173,2.0,1.0,A101,A143,A91,A121,A40,1.0,A61,A191
384,,A12,32.0,11760.0,A33,39.0,A74,A201,A151,2.0,A173,1.0,1.0,A101,A143,A93,A124,A46,3.0,A62,A192
177,,A12,25.0,2631.0,A32,15.0,A73,A201,A152,3.0,A172,1.0,1.0,A101,A143,A92,A121,A45,2.0,A62,A191
568,,A11,28.0,2606.0,A32,21.0,A72,A201,A151,4.0,A174,1.0,1.0,A101,A143,A92,A122,A43,4.0,A61,A192
97,,A12,29.0,959.0,A32,9.0,A73,A202,A152,1.0,A173,1.0,1.0,A101,A143,A92,A123,A42,2.0,A61,A191
337,,A11,23.0,6229.0,A34,36.0,A72,A201,A151,4.0,A172,2.0,1.0,A102,A143,A92,A124,A42,4.0,A61,A192
194,,A11,44.0,1478.0,A34,15.0,A75,A201,A152,4.0,A173,2.0,2.0,A101,A143,A93,A123,A42,4.0,A61,A192
274,,A11,46.0,1845.0,A32,15.0,A72,A201,A151,4.0,A173,1.0,1.0,A103,A143,A92,A122,A42,1.0,A61,A191
371,,A11,49.0,2964.0,A32,24.0,A75,A201,A153,4.0,A173,1.0,2.0,A101,A141,A93,A124,A41,4.0,A65,A192
398,,A14,52.0,936.0,A34,9.0,A75,A201,A152,4.0,A173,2.0,1.0,A101,A143,A93,A123,A46,2.0,A63,A192
361,,A14,20.0,1313.0,A32,9.0,A75,A201,A152,1.0,A173,1.0,1.0,A101,A143,A93,A123,A42,4.0,A61,A191
53,,A12,29.0,3990.0,A31,36.0,A72,A201,A152,3.0,A171,1.0,1.0,A101,A141,A92,A124,A44,2.0,A65,A191
350,,A14,33.0,2186.0,A32,15.0,A74,A201,A151,1.0,A172,1.0,1.0,A101,A141,A92,A121,A42,4.0,A65,A191
278,,A11,24.0,652.0,A32,12.0,A75,A201,A151,4.0,A173,1.0,1.0,A101,A143,A92,A122,A42,4.0,A61,A191
248,,A12,51.0,4771.0,A33,11.0,A74,A201,A152,2.0,A173,1.0,1.0,A101,A143,A93,A122,A43,4.0,A61,A191
154,,A12,27.0,2820.0,A34,36.0,A72,A201,A152,4.0,A173,2.0,1.0,A101,A143,A91,A123,A40,4.0,A61,A191
133,,A12,60.0,6468.0,A32,20.0,A71,A201,A152,1.0,A174,1.0,1.0,A101,A143,A91,A121,A41,4.0,A65,A192
24,,A14,38.0,1240.0,A34,12.0,A75,A201,A152,4.0,A173,2.0,1.0,A101,A143,A92,A121,A43,2.0,A65,A192
375,,A14,25.0,2210.0,A32,10.0,A73,A201,A151,2.0,A172,1.0,1.0,A101,A141,A93,A121,A42,2.0,A61,A191
156,,A12,28.0,2278.0,A30,18.0,A72,A201,A152,3.0,A173,2.0,1.0,A101,A143,A92,A123,A40,3.0,A62,A191
397,,A14,36.0,2872.0,A34,24.0,A75,A201,A152,3.0,A173,1.0,2.0,A101,A143,A93,A121,A43,4.0,A62,A192
585,,A11,23.0,3234.0,A32,24.0,A72,A201,A151,4.0,A172,1.0,1.0,A101,A143,A92,A121,A42,4.0,A61,A192
485,,A12,20.0,1967.0,A32,24.0,A75,A201,A152,4.0,A173,1.0,1.0,A101,A143,A92,A123,A43,4.0,A61,A192
598,,A13,50.0,1047.0,A34,6.0,A73,A201,A152,2.0,A172,1.0,1.0,A101,A143,A92,A122,A46,4.0,A61,A191
184,,A11,32.0,1282.0,A32,24.0,A73,A201,A152,4.0,A172,1.0,1.0,A101,A143,A92,A123,A43,2.0,A62,A191
95,,A14,38.0,926.0,A34,12.0,A71,A201,A152,1.0,A171,1.0,1.0,A101,A143,A92,A122,A40,2.0,A61,A191
329,,A13,23.0,1275.0,A32,10.0,A72,A201,A152,4.0,A173,1.0,1.0,A101,A143,A92,A122,A42,2.0,A61,A191
176,,A14,58.0,1867.0,A32,30.0,A75,A201,A152,4.0,A173,1.0,1.0,A101,A143,A93,A123,A43,4.0,A65,A192
582,,A12,22.0,5951.0,A32,48.0,A73,A201,A152,2.0,A173,1.0,1.0,A101,A143,A92,A121,A43,2.0,A61,A191
532,,A13,47.0,3017.0,A34,30.0,A75,A201,A152,4.0,A173,1.0,1.0,A101,A143,A93,A122,A43,4.0,A61,A191
72,,A11,25.0,1138.0,A34,9.0,A73,A201,A152,4.0,A172,2.0,1.0,A101,A143,A93,A121,A43,4.0,A61,A191
440,,A14,23.0,996.0,A34,12.0,A74,A201,A152,4.0,A173,2.0,1.0,A101,A143,A92,A121,A45,4.0,A65,A191
416,,A14,32.0,4526.0,A34,27.0,A72,A201,A152,4.0,A172,2.0,2.0,A101,A142,A93,A121,A42,2.0,A64,A192
18,,A14,47.0,2538.0,A33,24.0,A75,A201,A152,4.0,A172,2.0,2.0,A101,A143,A93,A123,A40,4.0,A61,A191
349,,A14,26.0,1076.0,A32,12.0,A73,A202,A152,2.0,A173,1.0,1.0,A101,A143,A94,A121,A49,2.0,A61,A192
116,,A14,34.0,4454.0,A33,36.0,A73,A201,A152,4.0,A173,2.0,1.0,A101,A143,A92,A121,A43,4.0,A61,A191
59,,A14,28.0,2142.0,A32,11.0,A75,A201,A152,1.0,A173,1.0,1.0,A101,A143,A91,A121,A49,2.0,A64,A192
58,,A12,23.0,1534.0,A32,12.0,A72,A201,A151,1.0,A173,1.0,1.0,A101,A143,A94,A121,A43,1.0,A61,A191
76,,A14,33.0,797.0,A34,12.0,A75,A201,A152,4.0,A172,1.0,2.0,A101,A141,A92,A122,A43,3.0,A65,A191
293,,A12,47.0,2353.0,A33,21.0,A73,A201,A152,1.0,A173,2.0,1.0,A101,A143,A91,A122,A40,4.0,A61,A191
2,,A12,34.0,1501.0,A34,9.0,A75,A201,A152,2.0,A174,2.0,1.0,A101,A143,A92,A123,A46,3.0,A61,A192
269,,A12,42.0,1965.0,A33,24.0,A73,A201,A151,4.0,A173,2.0,1.0,A101,A143,A92,A123,A40,4.0,A65,A192
305,,A11,27.0,750.0,A32,18.0,A71,A201,A152,4.0,A171,1.0,1.0,A101,A143,A92,A121,A46,1.0,A61,A191
222,,A12,35.0,3976.0,A32,21.0,A74,A201,A152,2.0,A173,1.0,1.0,A101,A143,A93,A123,A42,3.0,A65,A192
494,,A14,47.0,5103.0,A34,24.0,A72,A201,A153,3.0,A173,3.0,1.0,A101,A143,A94,A124,A43,3.0,A61,A192
250,,A11,29.0,1659.0,A33,24.0,A72,A201,A151,4.0,A172,1.0,1.0,A101,A143,A92,A123,A43,2.0,A61,A192
217,,A11,24.0,9271.0,A32,36.0,A74,A201,A152,2.0,A173,1.0,1.0,A101,A143,A93,A123,A40,1.0,A61,A192
533,,A12,29.0,9034.0,A32,36.0,A72,A201,A151,4.0,A174,1.0,1.0,A102,A143,A93,A124,A42,1.0,A62,A192
437,,A11,29.0,2149.0,A31,12.0,A73,A201,A153,4.0,A173,1.0,1.0,A101,A143,A91,A124,A43,1.0,A61,A191
244,,A11,43.0,1333.0,A33,24.0,A71,A201,A153,4.0,A173,2.0,2.0,A101,A143,A93,A121,A40,2.0,A61,A191
317,,A12,26.0,590.0,A32,6.0,A72,A202,A152,3.0,A172,1.0,1.0,A101,A143,A94,A121,A43,3.0,A61,A191
261,,A14,62.0,3757.0,A32,24.0,A75,A201,A153,4.0,A173,1.0,1.0,A102,A143,A92,A124,A40,4.0,A61,A192
190,,A14,64.0,3832.0,A32,9.0,A75,A201,A152,1.0,A172,1.0,1.0,A101,A143,A93,A121,A46,4.0,A65,A191
288,,A14,33.0,1543.0,A32,6.0,A73,A201,A152,4.0,A173,1.0,1.0,A101,A143,A91,A121,A42,2.0,A64,A191
336,,A14,26.0,2069.0,A34,10.0,A73,A202,A152,2.0,A173,2.0,1.0,A101,A143,A94,A123,A42,1.0,A65,A191
85,,A14,65.0,930.0,A34,12.0,A75,A201,A152,4.0,A173,4.0,1.0,A101,A143,A93,A121,A43,4.0,A65,A191
497,,A12,57.0,14318.0,A32,36.0,A75,A201,A153,4.0,A174,1.0,1.0,A101,A143,A93,A124,A40,2.0,A61,A192
380,,A12,22.0,276.0,A32,9.0,A73,A201,A151,4.0,A172,1.0,1.0,A101,A143,A94,A121,A40,4.0,A61,A191
301,,A11,27.0,1168.0,A32,12.0,A73,A201,A152,4.0,A172,1.0,1.0,A101,A143,A94,A121,A40,3.0,A61,A191
236,,A14,26.0,1934.0,A34,12.0,A75,A201,A152,2.0,A173,2.0,1.0,A101,A143,A93,A124,A43,2.0,A61,A191
56,,A11,44.0,4716.0,A34,6.0,A72,A201,A152,1.0,A172,2.0,2.0,A101,A143,A93,A121,A40,3.0,A65,A191
193,,A11,26.0,759.0,A32,12.0,A74,A201,A152,4.0,A173,1.0,1.0,A101,A143,A93,A121,A40,2.0,A61,A191
110,,A11,24.0,9629.0,A34,36.0,A74,A201,A152,4.0,A173,2.0,1.0,A101,A143,A93,A123,A41,4.0,A61,A192
365,,A11,25.0,8072.0,A30,30.0,A72,A201,A152,2.0,A173,3.0,1.0,A101,A141,A93,A123,A49,3.0,A65,A191
15,,A11,48.0,2241.0,A34,10.0,A72,A202,A151,1.0,A172,2.0,2.0,A101,A143,A93,A121,A40,3.0,A61,A191
99,,A14,45.0,1750.0,A31,6.0,A75,A201,A152,2.0,A172,1.0,2.0,A101,A141,A93,A122,A43,4.0,A63,A191
8,,A11,48.0,1082.0,A30,12.0,A73,A201,A152,4.0,A173,2.0,1.0,A101,A141,A93,A123,A40,4.0,A61,A191
431,,A11,31.0,2746.0,A31,36.0,A75,A201,A152,4.0,A173,1.0,1.0,A101,A141,A93,A123,A42,4.0,A61,A191
338,,A11,39.0,666.0,A34,6.0,A74,A201,A152,3.0,A172,2.0,1.0,A101,A143,A92,A121,A40,4.0,A64,A192
103,,A14,21.0,2570.0,A32,27.0,A73,A201,A151,3.0,A173,1.0,1.0,A101,A143,A92,A121,A40,3.0,A61,A191
187,,A11,29.0,6579.0,A32,24.0,A71,A201,A153,4.0,A174,1.0,1.0,A101,A143,A93,A124,A41,2.0,A61,A192
426,,A13,44.0,1881.0,A32,12.0,A73,A201,A151,2.0,A172,1.0,1.0,A101,A143,A92,A123,A43,2.0,A61,A192
549,,A12,22.0,1007.0,A32,12.0,A73,A201,A152,4.0,A173,1.0,1.0,A101,A143,A94,A121,A40,1.0,A64,A191
508,,A14,28.0,1413.0,A32,24.0,A73,A201,A152,4.0,A173,1.0,1.0,A101,A143,A94,A122,A43,2.0,A61,A191
414,,A13,28.0,2923.0,A32,21.0,A73,A201,A152,1.0,A174,1.0,1.0,A101,A141,A92,A123,A40,1.0,A62,A192
596,,A11,65.0,3394.0,A34,42.0,A71,A201,A152,4.0,A171,2.0,1.0,A102,A143,A93,A123,A45,4.0,A61,A191
275,,A11,34.0,3965.0,A32,42.0,A72,A201,A152,4.0,A173,1.0,1.0,A101,A143,A93,A123,A43,3.0,A61,A191
129,,A11,37.0,3620.0,A32,36.0,A73,A201,A152,1.0,A173,1.0,2.0,A103,A143,A93,A122,A42,2.0,A61,A191
283,,A12,27.0,1295.0,A34,18.0,A72,A201,A152,4.0,A173,2.0,1.0,A101,A143,A92,A122,A42,1.0,A61,A191
157,,A11,44.0,1553.0,A31,18.0,A73,A201,A152,4.0,A173,1.0,1.0,A101,A141,A93,A123,A42,3.0,A61,A191
312,,A11,40.0,1361.0,A34,6.0,A72,A202,A152,2.0,A172,1.0,2.0,A101,A143,A93,A121,A40,4.0,A61,A191
93,,A12,34.0,3017.0,A32,12.0,A72,A201,A151,3.0,A174,1.0,1.0,A101,A143,A92,A121,A42,1.0,A61,A191
467,,A11,28.0,6199.0,A30,12.0,A73,A201,A151,4.0,A173,2.0,1.0,A101,A143,A93,A122,A43,2.0,A61,A192
579,,A14,61.0,3059.0,A32,12.0,A74,A201,A152,2.0,A172,1.0,1.0,A101,A143,A91,A121,A43,4.0,A64,A191
108,,A11,58.0,1755.0,A32,24.0,A75,A201,A152,4.0,A172,1.0,1.0,A103,A143,A92,A121,A410,4.0,A61,A192
68,,A12,23.0,1553.0,A33,24.0,A74,A201,A151,3.0,A173,2.0,1.0,A101,A143,A92,A122,A43,2.0,A62,A192
183,,A14,20.0,2221.0,A32,15.0,A73,A201,A151,2.0,A173,1.0,1.0,A101,A143,A92,A123,A42,4.0,A63,A191
387,,A12,23.0,882.0,A34,13.0,A72,A201,A152,4.0,A173,2.0,1.0,A103,A143,A93,A121,A43,4.0,A61,A191
487,,A14,35.0,1418.0,A32,10.0,A73,A202,A151,3.0,A172,1.0,1.0,A101,A143,A93,A121,A40,2.0,A62,A191
298,,A12,38.0,6681.0,A33,48.0,A73,A201,A153,4.0,A173,1.0,2.0,A101,A143,A93,A124,A49,4.0,A65,A192
148,,A11,35.0,10722.0,A32,47.0,A72,A201,A152,1.0,A172,1.0,1.0,A101,A143,A92,A121,A40,1.0,A61,A192
591,,A14,31.0,2406.0,A34,9.0,A71,A201,A152,2.0,A174,1.0,1.0,A101,A143,A93,A123,A42,3.0,A61,A191
483,,A14,25.0,3105.0,A32,24.0,A72,A201,A152,4.0,A173,2.0,1.0,A101,A143,A93,A123,A43,2.0,A65,A191
257,,A12,28.0,3060.0,A32,48.0,A74,A201,A152,4.0,A173,2.0,1.0,A101,A143,A93,A121,A43,4.0,A61,A191
429,,A12,28.0,6260.0,A32,18.0,A74,A201,A151,3.0,A172,1.0,1.0,A101,A143,A93,A121,A40,3.0,A61,A191
543,,A12,20.0,2718.0,A32,24.0,A73,A201,A151,3.0,A172,1.0,1.0,A101,A143,A92,A122,A40,4.0,A61,A192
88,,A11,53.0,7119.0,A30,48.0,A73,A201,A153,3.0,A173,2.0,2.0,A101,A143,A93,A124,A42,4.0,A61,A191
113,,A12,33.0,1042.0,A32,18.0,A73,A201,A152,4.0,A173,1.0,1.0,A101,A143,A92,A122,A40,2.0,A65,A191
146,,A12,37.0,802.0,A32,15.0,A75,A201,A152,4.0,A173,1.0,2.0,A101,A143,A93,A123,A43,3.0,A61,A191
137,,A14,63.0,7596.0,A34,30.0,A75,A201,A152,1.0,A173,2.0,1.0,A101,A143,A93,A123,A41,4.0,A65,A191
191,,A11,46.0,2348.0,A34,36.0,A73,A201,A152,3.0,A173,2.0,1.0,A101,A143,A94,A122,A42,2.0,A61,A192
297,,A11,46.0,697.0,A31,12.0,A72,A201,A152,4.0,A173,2.0,1.0,A101,A141,A93,A123,A40,2.0,A61,A192
514,,A12,35.0,6948.0,A32,36.0,A73,A201,A151,2.0,A174,1.0,1.0,A101,A143,A93,A123,A41,2.0,A61,A192
390,,A14,32.0,7238.0,A33,48.0,A75,A201,A152,3.0,A173,2.0,2.0,A101,A141,A93,A123,A43,3.0,A65,A191
419,,A14,55.0,1413.0,A32,12.0,A74,A202,A152,3.0,A173,1.0,1.0,A101,A143,A93,A122,A41,2.0,A64,A191
388,,A11,37.0,3676.0,A34,6.0,A73,A201,A151,1.0,A173,3.0,2.0,A101,A143,A93,A121,A40,3.0,A61,A191
262,,A14,32.0,3863.0,A33,24.0,A73,A201,A153,1.0,A173,1.0,1.0,A101,A143,A93,A124,A49,2.0,A61,A191
499,,A14,27.0,7980.0,A33,36.0,A72,A201,A151,4.0,A173,2.0,1.0,A101,A143,A93,A123,A49,4.0,A65,A192
79,,A14,45.0,3527.0,A32,12.0,A72,A201,A152,2.0,A174,1.0,2.0,A101,A143,A93,A122,A40,3.0,A65,A192
471,,A14,63.0,1655.0,A34,12.0,A75,A201,A152,2.0,A172,2.0,1.0,A101,A143,A93,A121,A43,4.0,A61,A192
571,,A11,30.0,3959.0,A32,36.0,A71,A201,A152,4.0,A174,1.0,1.0,A101,A143,A93,A122,A42,3.0,A61,A192
560,,A14,36.0,1028.0,A34,18.0,A73,A201,A152,4.0,A173,2.0,1.0,A101,A143,A92,A121,A40,3.0,A61,A191
174,,A14,43.0,7393.0,A32,24.0,A73,A201,A152,1.0,A172,1.0,2.0,A101,A143,A93,A122,A40,4.0,A61,A191
558,,A14,41.0,719.0,A32,12.0,A75,A201,A152,4.0,A172,1.0,2.0,A101,A141,A93,A123,A46,4.0,A61,A191
233,,A14,31.0,1546.0,A32,10.0,A73,A202,A152,3.0,A172,1.0,2.0,A101,A143,A93,A121,A40,2.0,A61,A191
578,,A14,30.0,960.0,A33,15.0,A74,A201,A152,3.0,A173,2.0,1.0,A101,A143,A92,A122,A42,2.0,A64,A191
316,,A12,33.0,1414.0,A32,8.0,A73,A202,A152,4.0,A173,1.0,1.0,A103,A143,A93,A121,A43,2.0,A61,A191
310,,A14,27.0,937.0,A32,24.0,A72,A201,A152,4.0,A172,2.0,1.0,A101,A143,A94,A123,A48,3.0,A61,A191
48,,A14,54.0,4591.0,A32,24.0,A73,A201,A152,2.0,A174,3.0,1.0,A101,A143,A93,A122,A49,3.0,A64,A192
544,,A13,42.0,409.0,A31,12.0,A73,A201,A151,3.0,A173,2.0,1.0,A101,A143,A92,A121,A43,3.0,A64,A191
351,,A12,25.0,685.0,A32,12.0,A74,A201,A152,2.0,A172,1.0,1.0,A101,A141,A94,A123,A40,3.0,A61,A191
465,,A11,24.0,3021.0,A32,24.0,A73,A201,A151,2.0,A172,1.0,1.0,A101,A143,A91,A121,A42,2.0,A61,A191
164,,A14,38.0,1924.0,A32,10.0,A73,A202,A152,1.0,A173,1.0,1.0,A101,A143,A93,A122,A43,4.0,A61,A192
259,,A14,50.0,1574.0,A32,12.0,A73,A201,A152,4.0,A173,1.0,1.0,A101,A143,A93,A121,A42,2.0,A61,A191
169,,A12,21.0,3031.0,A32,45.0,A73,A201,A151,4.0,A173,1.0,1.0,A103,A143,A93,A122,A43,4.0,A62,A191
243,,A12,23.0,836.0,A32,12.0,A72,A201,A152,4.0,A172,1.0,1.0,A101,A141,A92,A122,A40,2.0,A62,A191
263,,A11,44.0,2647.0,A32,6.0,A73,A201,A151,2.0,A173,1.0,2.0,A101,A143,A93,A121,A43,3.0,A63,A191
91,,A11,38.0,10623.0,A34,30.0,A75,A201,A153,3.0,A174,3.0,2.0,A101,A143,A93,A124,A41,4.0,A61,A192
318,,A14,55.0,1555.0,A33,12.0,A75,A201,A153,4.0,A173,2.0,2.0,A101,A143,A93,A124,A45,4.0,A64,A191
104,,A14,35.0,5324.0,A32,15.0,A75,A201,A153,1.0,A173,1.0,1.0,A101,A143,A92,A124,A40,4.0,A63,A191
325,,A14,35.0,9055.0,A32,36.0,A73,A201,A153,2.0,A172,1.0,2.0,A101,A143,A93,A124,A46,4.0,A65,A192
402,,A12,22.0,454.0,A32,6.0,A72,A201,A152,3.0,A172,1.0,1.0,A101,A143,A94,A122,A45,1.0,A61,A191
395,,A14,50.0,1559.0,A31,24.0,A74,A201,A152,4.0,A173,1.0,1.0,A101,A141,A93,A123,A49,4.0,A61,A192
408,,A14,43.0,1935.0,A34,12.0,A75,A201,A152,4.0,A173,3.0,1.0,A101,A143,A93,A121,A42,4.0,A61,A192
354,,A14,32.0,2978.0,A32,6.0,A73,A201,A152,1.0,A173,1.0,1.0,A101,A143,A93,A123,A42,2.0,A63,A192
358,,A12,33.0,4439.0,A32,18.0,A75,A201,A152,1.0,A174,1.0,1.0,A102,A141,A93,A121,A49,1.0,A61,A192
344,,A12,33.0,1245.0,A34,18.0,A73,A201,A152,4.0,A173,1.0,1.0,A101,A143,A94,A123,A43,2.0,A61,A191
503,,A12,26.0,1158.0,A32,12.0,A73,A201,A152,3.0,A173,1.0,1.0,A101,A143,A91,A123,A43,1.0,A63,A192
366,,A14,29.0,5003.0,A30,21.0,A73,A201,A152,1.0,A173,2.0,1.0,A101,A141,A92,A122,A40,4.0,A65,A192
405,,A13,24.0,5848.0,A32,36.0,A73,A201,A152,4.0,A173,1.0,1.0,A101,A143,A93,A123,A43,1.0,A61,A191
224,,A14,29.0,1901.0,A32,24.0,A73,A201,A151,4.0,A174,1.0,1.0,A101,A143,A93,A123,A43,4.0,A62,A192
101,,A12,27.0,1391.0,A32,9.0,A73,A201,A152,2.0,A173,1.0,1.0,A101,A141,A94,A121,A49,1.0,A61,A192
21,,A14,27.0,1449.0,A32,9.0,A74,A201,A152,3.0,A173,2.0,1.0,A101,A143,A92,A123,A49,2.0,A61,A191
105,,A14,54.0,717.0,A33,24.0,A75,A201,A152,4.0,A173,2.0,1.0,A101,A143,A94,A123,A40,4.0,A65,A192
173,,A14,33.0,2051.0,A32,18.0,A72,A201,A152,4.0,A173,1.0,1.0,A101,A143,A93,A121,A43,1.0,A61,A191
10,,A11,29.0,6887.0,A33,36.0,A73,A201,A152,4.0,A173,1.0,1.0,A101,A142,A93,A122,A46,3.0,A61,A192
396,,A14,32.0,1530.0,A34,18.0,A73,A201,A152,3.0,A173,2.0,1.0,A101,A141,A93,A122,A40,2.0,A61,A191
202,,A14,26.0,1388.0,A32,9.0,A73,A201,A151,4.0,A173,1.0,1.0,A101,A143,A92,A121,A42,2.0,A61,A191
589,,A12,34.0,2064.0,A33,24.0,A71,A201,A152,3.0,A174,1.0,1.0,A101,A143,A92,A122,A42,2.0,A61,A192
548,,A12,60.0,14782.0,A31,60.0,A75,A201,A153,3.0,A174,2.0,1.0,A101,A141,A92,A124,A410,4.0,A62,A192
313,,A13,27.0,709.0,A32,6.0,A72,A202,A152,2.0,A171,1.0,1.0,A101,A143,A94,A121,A40,2.0,A64,A191
13,,A13,48.0,1240.0,A32,10.0,A75,A201,A153,1.0,A172,1.0,2.0,A101,A143,A92,A124,A40,4.0,A62,A191
36,,A14,30.0,12680.0,A34,21.0,A75,A201,A153,4.0,A174,1.0,1.0,A101,A143,A93,A124,A40,4.0,A65,A192
277,,A14,46.0,6842.0,A34,24.0,A73,A201,A152,2.0,A174,2.0,2.0,A101,A143,A93,A122,A41,4.0,A65,A192
123,,A14,33.0,2831.0,A34,30.0,A73,A201,A152,4.0,A173,1.0,1.0,A101,A143,A92,A123,A43,2.0,A61,A192
546,,A13,49.0,1445.0,A31,18.0,A74,A201,A152,4.0,A172,1.0,1.0,A101,A141,A93,A123,A43,4.0,A65,A191
586,,A14,27.0,3850.0,A34,18.0,A74,A201,A152,3.0,A173,2.0,1.0,A101,A143,A93,A123,A41,1.0,A61,A191
121,,A14,37.0,10222.0,A32,48.0,A74,A201,A152,4.0,A173,1.0,1.0,A101,A142,A93,A123,A43,3.0,A65,A192
374,,A14,44.0,10127.0,A34,48.0,A73,A201,A153,2.0,A173,1.0,1.0,A101,A141,A93,A124,A40,2.0,A63,A191
144,,A12,66.0,790.0,A32,9.0,A73,A201,A152,4.0,A172,1.0,1.0,A101,A143,A92,A121,A43,3.0,A63,A191
452,,A13,34.0,2864.0,A32,18.0,A73,A201,A152,2.0,A172,1.0,2.0,A101,A143,A93,A121,A42,1.0,A61,A191
314,,A11,30.0,3349.0,A31,24.0,A72,A201,A153,4.0,A173,1.0,2.0,A101,A143,A93,A124,A42,4.0,A63,A192
486,,A12,26.0,625.0,A32,12.0,A72,A201,A152,4.0,A172,1.0,1.0,A103,A141,A94,A121,A43,1.0,A61,A191
204,,A11,57.0,709.0,A32,12.0,A75,A201,A152,4.0,A172,1.0,1.0,A101,A142,A93,A121,A43,4.0,A61,A191
87,,A14,32.0,1552.0,A32,24.0,A74,A201,A152,3.0,A173,1.0,2.0,A101,A141,A93,A123,A43,1.0,A61,A191
300,,A12,28.0,9398.0,A32,36.0,A72,A201,A151,1.0,A174,1.0,1.0,A101,A143,A94,A123,A41,4.0,A61,A192
356,,A11,53.0,4870.0,A33,24.0,A73,A201,A153,3.0,A173,2.0,2.0,A101,A143,A93,A124,A40,4.0,A61,A191
323,,A11,40.0,701.0,A32,12.0,A73,A201,A152,4.0,A172,1.0,1.0,A101,A143,A94,A121,A43,2.0,A61,A191
515,,A14,45.0,10875.0,A33,36.0,A75,A201,A152,2.0,A173,2.0,2.0,A101,A143,A93,A123,A40,2.0,A61,A192
567,,A12,23.0,2101.0,A32,13.0,A72,A201,A152,2.0,A172,1.0,1.0,A103,A143,A92,A122,A43,4.0,A61,A191
320,,A14,43.0,2197.0,A34,24.0,A74,A201,A152,4.0,A173,2.0,2.0,A101,A143,A93,A123,A41,4.0,A65,A192
480,,A11,23.0,1442.0,A32,24.0,A74,A201,A151,4.0,A173,2.0,1.0,A101,A143,A92,A123,A40,4.0,A61,A191
33,,A11,24.0,4272.0,A34,20.0,A75,A201,A152,1.0,A173,2.0,1.0,A101,A143,A92,A122,A42,4.0,A61,A191
161,,A14,38.0,3914.0,A32,48.0,A73,A201,A152,4.0,A173,1.0,1.0,A101,A141,A91,A121,A49,2.0,A65,A191
590,,A14,25.0,2238.0,A34,18.0,A73,A201,A152,2.0,A173,2.0,1.0,A101,A143,A92,A123,A43,1.0,A61,A191
241,,A12,42.0,8318.0,A30,27.0,A75,A201,A153,2.0,A174,2.0,1.0,A101,A143,A92,A124,A49,4.0,A61,A192
389,,A14,30.0,8133.0,A32,36.0,A73,A201,A152,1.0,A173,1.0,1.0,A101,A141,A92,A122,A41,2.0,A61,A191
240,,A14,29.0,518.0,A32,6.0,A73,A201,A152,3.0,A173,1.0,1.0,A101,A143,A92,A121,A43,1.0,A61,A191
399,,A11,26.0,8229.0,A32,36.0,A73,A201,A152,2.0,A173,1.0,2.0,A101,A143,A93,A122,A41,2.0,A61,A191
179,,A14,23.0,660.0,A32,6.0,A74,A201,A151,2.0,A172,1.0,1.0,A101,A143,A94,A121,A45,4.0,A63,A191
597,,A12,30.0,1919.0,A33,30.0,A72,A201,A152,4.0,A174,2.0,1.0,A101,A142,A93,A124,A43,3.0,A62,A191
23,,A11,24.0,2124.0,A34,18.0,A73,A201,A151,4.0,A173,2.0,1.0,A101,A143,A92,A121,A42,4.0,A61,A191
25,,A14,26.0,2404.0,A34,18.0,A73,A201,A152,2.0,A173,2.0,1.0,A101,A143,A92,A123,A43,2.0,A61,A191
215,,A12,47.0,958.0,A34,12.0,A74,A201,A152,2.0,A172,2.0,2.0,A101,A143,A93,A121,A40,3.0,A61,A191
12,,A14,25.0,999.0,A32,24.0,A75,A201,A152,4.0,A173,2.0,1.0,A101,A143,A93,A123,A43,2.0,A65,A191
296,,A11,41.0,2712.0,A32,36.0,A75,A201,A152,2.0,A173,1.0,2.0,A101,A141,A93,A122,A42,2.0,A61,A191
475,,A14,23.0,601.0,A32,4.0,A72,A201,A151,1.0,A172,1.0,2.0,A101,A143,A92,A121,A42,3.0,A61,A191
372,,A11,20.0,1107.0,A32,12.0,A73,A201,A151,2.0,A174,1.0,2.0,A101,A143,A93,A121,A43,2.0,A61,A192
547,,A12,32.0,18424.0,A30,48.0,A73,A202,A152,1.0,A174,1.0,1.0,A101,A141,A92,A122,A410,2.0,A61,A192
513,,A11,20.0,2039.0,A32,18.0,A73,A201,A151,1.0,A173,1.0,1.0,A101,A141,A92,A121,A42,4.0,A61,A191
473,,A11,75.0,1374.0,A32,6.0,A71,A201,A152,4.0,A174,1.0,1.0,A101,A143,A92,A122,A40,3.0,A65,A192
180,,A14,36.0,1278.0,A32,24.0,A75,A201,A152,4.0,A174,1.0,1.0,A101,A143,A93,A121,A43,1.0,A61,A192
136,,A13,41.0,2116.0,A32,6.0,A73,A201,A152,2.0,A173,1.0,1.0,A101,A143,A93,A121,A42,2.0,A61,A192
592,,A11,23.0,1498.0,A32,12.0,A73,A201,A152,4.0,A173,1.0,1.0,A101,A141,A92,A123,A43,1.0,A61,A191
276,,A11,29.0,1193.0,A31,24.0,A71,A201,A151,1.0,A171,2.0,1.0,A102,A143,A92,A124,A40,4.0,A61,A191
82,,A11,34.0,1842.0,A32,36.0,A72,A201,A152,4.0,A173,1.0,1.0,A101,A143,A92,A123,A40,4.0,A61,A192
218,,A12,19.0,983.0,A32,12.0,A72,A201,A151,1.0,A172,1.0,1.0,A101,A143,A92,A121,A42,4.0,A64,A191
570,,A12,31.0,1449.0,A33,6.0,A75,A201,A152,1.0,A173,2.0,2.0,A101,A141,A91,A123,A49,2.0,A62,A191
246,,A13,38.0,947.0,A32,24.0,A74,A201,A153,4.0,A173,1.0,2.0,A101,A141,A93,A124,A40,3.0,A61,A191
453,,A14,25.0,1283.0,A32,22.0,A74,A201,A151,4.0,A173,1.0,1.0,A101,A143,A92,A122,A40,4.0,A65,A191
386,,A11,32.0,1880.0,A34,18.0,A74,A201,A152,4.0,A174,2.0,1.0,A101,A143,A94,A122,A43,1.0,A61,A192
73,,A11,50.0,7476.0,A32,48.0,A74,A201,A153,4.0,A174,1.0,1.0,A101,A143,A93,A124,A46,1.0,A61,A192
428,,A11,27.0,3643.0,A33,15.0,A75,A201,A152,1.0,A172,2.0,1.0,A101,A143,A92,A122,A42,4.0,A61,A191
281,,A11,24.0,3763.0,A32,21.0,A74,A202,A152,2.0,A172,1.0,1.0,A102,A143,A93,A121,A40,2.0,A65,A191
357,,A14,68.0,6761.0,A32,18.0,A73,A201,A151,2.0,A173,2.0,1.0,A101,A143,A93,A123,A40,4.0,A65,A191
235,,A14,26.0,5117.0,A33,27.0,A74,A201,A152,3.0,A173,2.0,1.0,A101,A143,A93,A123,A49,4.0,A61,A191
470,,A14,31.0,2901.0,A32,10.0,A72,A201,A151,1.0,A173,1.0,1.0,A101,A143,A92,A121,A41,4.0,A65,A191
352,,A11,31.0,1957.0,A34,6.0,A74,A201,A152,1.0,A173,1.0,1.0,A101,A143,A92,A123,A43,4.0,A61,A191
231,,A11,27.0,3123.0,A32,24.0,A72,A201,A152,4.0,A173,1.0,1.0,A101,A143,A92,A122,A40,1.0,A61,A191
39,,A13,47.0,1377.0,A32,24.0,A75,A201,A153,4.0,A173,1.0,1.0,A101,A143,A92,A124,A43,2.0,A62,A192
562,,A12,47.0,1209.0,A33,6.0,A71,A201,A152,4.0,A174,1.0,1.0,A101,A143,A93,A122,A40,4.0,A61,A192
459,,A11,45.0,8978.0,A32,14.0,A75,A202,A152,1.0,A174,1.0,1.0,A101,A143,A91,A122,A40,4.0,A61,A192
5,,A12,49.0,8386.0,A34,30.0,A74,A201,A152,2.0,A173,1.0,1.0,A101,A143,A93,A122,A42,2.0,A61,A191
411,,A14,28.0,1382.0,A34,6.0,A73,A201,A152,1.0,A173,2.0,1.0,A101,A143,A92,A123,A43,1.0,A61,A192
30,,A14,37.0,3380.0,A34,4.0,A74,A201,A152,1.0,A173,1.0,2.0,A101,A143,A92,A121,A40,1.0,A61,A191
271,,A12,27.0,2930.0,A32,12.0,A74,A201,A152,2.0,A173,1.0,1.0,A101,A143,A92,A121,A43,1.0,A61,A191
172,,A14,34.0,1493.0,A32,12.0,A72,A201,A152,4.0,A173,1.0,2.0,A101,A143,A92,A123,A43,3.0,A61,A191
593,,A12,24.0,7408.0,A32,60.0,A72,A201,A152,4.0,A174,1.0,1.0,A101,A143,A92,A122,A40,2.0,A62,A191
74,,A12,45.0,2329.0,A32,7.0,A72,A201,A152,1.0,A173,1.0,1.0,A103,A143,A92,A121,A43,1.0,A61,A191
377,,A12,42.0,5084.0,A32,24.0,A75,A201,A152,2.0,A173,1.0,1.0,A101,A143,A92,A123,A43,4.0,A65,A192
400,,A14,41.0,1244.0,A34,9.0,A75,A201,A151,4.0,A172,2.0,1.0,A101,A143,A92,A122,A46,4.0,A65,A191
35,,A11,35.0,4380.0,A32,18.0,A73,A201,A152,3.0,A172,1.0,2.0,A101,A143,A93,A123,A40,4.0,A62,A192
114,,A12,37.0,1154.0,A34,9.0,A75,A201,A152,2.0,A172,3.0,1.0,A101,A143,A93,A121,A43,4.0,A61,A191
216,,A11,27.0,3552.0,A31,24.0,A74,A201,A152,3.0,A173,1.0,1.0,A101,A141,A93,A123,A42,4.0,A61,A191
198,,A14,36.0,846.0,A33,7.0,A75,A201,A153,3.0,A173,1.0,1.0,A101,A143,A93,A124,A43,4.0,A65,A191
575,,A14,26.0,2764.0,A33,33.0,A73,A201,A152,2.0,A173,2.0,1.0,A101,A143,A92,A123,A49,2.0,A61,A192
423,0.0,,,,,,,,,,,,,,,,,,,,
158,1.0,,,,,,,,,,,,,,,,,,,,
594,1.0,,,,,,,,,,,,,,,,,,,,
376,1.0,,,,,,,,,,,,,,,,,,,,
457,0.0,,,,,,,,,,,,,,,,,,,,
576,0.0,,,,,,,,,,,,,,,,,,,,
254,0.0,,,,,,,,,,,,,,,,,,,,
432,0.0,,,,,,,,,,,,,,,,,,,,
557,1.0,,,,,,,,,,,,,,,,,,,,
451,0.0,,,,,,,,,,,,,,,,,,,,
577,0.0,,,,,,,,,,,,,,,,,,,,
145,1.0,,,,,,,,,,,,,,,,,,,,
481,0.0,,,,,,,,,,,,,,,,,,,,
326,1.0,,,,,,,,,,,,,,,,,,,,
147,1.0,,,,,,,,,,,,,,,,,,,,
443,0.0,,,,,,,,,,,,,,,,,,,,
519,0.0,,,,,,,,,,,,,,,,,,,,
245,1.0,,,,,,,,,,,,,,,,,,,,
441,0.0,,,,,,,,,,,,,,,,,,,,
342,0.0,,,,,,,,,,,,,,,,,,,,
226,1.0,,,,,,,,,,,,,,,,,,,,
210,0.0,,,,,,,,,,,,,,,,,,,,
534,0.0,,,,,,,,,,,,,,,,,,,,
391,0.0,,,,,,,,,,,,,,,,,,,,
572,0.0,,,,,,,,,,,,,,,,,,,,
340,0.0,,,,,,,,,,,,,,,,,,,,
505,0.0,,,,,,,,,,,,,,,,,,,,
6,0.0,,,,,,,,,,,,,,,,,,,,
96,0.0,,,,,,,,,,,,,,,,,,,,
327,0.0,,,,,,,,,,,,,,,,,,,,
77,0.0,,,,,,,,,,,,,,,,,,,,
427,0.0,,,,,,,,,,,,,,,,,,,,
516,0.0,,,,,,,,,,,,,,,,,,,,
130,0.0,,,,,,,,,,,,,,,,,,,,
20,0.0,,,,,,,,,,,,,,,,,,,,
334,0.0,,,,,,,,,,,,,,,,,,,,
413,0.0,,,,,,,,,,,,,,,,,,,,
232,0.0,,,,,,,,,,,,,,,,,,,,
268,0.0,,,,,,,,,,,,,,,,,,,,
404,0.0,,,,,,,,,,,,,,,,,,,,
364,0.0,,,,,,,,,,,,,,,,,,,,
381,1.0,,,,,,,,,,,,,,,,,,,,
249,0.0,,,,,,,,,,,,,,,,,,,,
569,1.0,,,,,,,,,,,,,,,,,,,,
168,1.0,,,,,,,,,,,,,,,,,,,,
331,1.0,,,,,,,,,,,,,,,,,,,,
425,0.0,,,,,,,,,,,,,,,,,,,,
90,0.0,,,,,,,,,,,,,,,,,,,,
229,0.0,,,,,,,,,,,,,,,,,,,,
165,1.0,,,,,,,,,,,,,,,,,,,,
563,0.0,,,,,,,,,,,,,,,,,,,,
213,0.0,,,,,,,,,,,,,,,,,,,,
126,0.0,,,,,,,,,,,,,,,,,,,,
490,0.0,,,,,,,,,,,,,,,,,,,,
142,0.0,,,,,,,,,,,,,,,,,,,,
321,0.0,,,,,,,,,,,,,,,,,,,,
201,0.0,,,,,,,,,,,,,,,,,,,,
507,0.0,,,,,,,,,,,,,,,,,,,,
524,0.0,,,,,,,,,,,,,,,,,,,,
360,0.0,,,,,,,,,,,,,,,,,,,,
529,0.0,,,,,,,,,,,,,,,,,,,,
149,1.0,,,,,,,,,,,,,,,,,,,,
230,0.0,,,,,,,,,,,,,,,,,,,,
131,1.0,,,,,,,,,,,,,,,,,,,,
528,1.0,,,,,,,,,,,,,,,,,,,,
517,0.0,,,,,,,,,,,,,,,,,,,,
247,1.0,,,,,,,,,,,,,,,,,,,,
9,1.0,,,,,,,,,,,,,,,,,,,,
287,0.0,,,,,,,,,,,,,,,,,,,,
304,0.0,,,,,,,,,,,,,,,,,,,,
418,1.0,,,,,,,,,,,,,,,,,,,,
100,0.0,,,,,,,,,,,,,,,,,,,,
540,0.0,,,,,,,,,,,,,,,,,,,,
238,0.0,,,,,,,,,,,,,,,,,,,,
587,0.0,,,,,,,,,,,,,,,,,,,,
491,0.0,,,,,,,,,,,,,,,,,,,,
125,0.0,,,,,,,,,,,,,,,,,,,,
373,0.0,,,,,,,,,,,,,,,,,,,,
63,1.0,,,,,,,,,,,,,,,,,,,,
43,1.0,,,,,,,,,,,,,,,,,,,,
132,0.0,,,,,,,,,,,,,,,,,,,,
186,0.0,,,,,,,,,,,,,,,,,,,,
220,1.0,,,,,,,,,,,,,,,,,,,,
52,0.0,,,,,,,,,,,,,,,,,,,,
294,0.0,,,,,,,,,,,,,,,,,,,,
1,0.0,,,,,,,,,,,,,,,,,,,,
537,0.0,,,,,,,,,,,,,,,,,,,,
71,1.0,,,,,,,,,,,,,,,,,,,,
37,0.0,,,,,,,,,,,,,,,,,,,,
303,0.0,,,,,,,,,,,,,,,,,,,,
225,1.0,,,,,,,,,,,,,,,,,,,,
466,0.0,,,,,,,,,,,,,,,,,,,,
207,0.0,,,,,,,,,,,,,,,,,,,,
49,0.0,,,,,,,,,,,,,,,,,,,,
60,0.0,,,,,,,,,,,,,,,,,,,,
138,0.0,,,,,,,,,,,,,,,,,,,,
445,1.0,,,,,,,,,,,,,,,,,,,,
47,0.0,,,,,,,,,,,,,,,,,,,,
417,0.0,,,,,,,,,,,,,,,,,,,,
565,1.0,,,,,,,,,,,,,,,,,,,,
256,0.0,,,,,,,,,,,,,,,,,,,,
450,0.0,,,,,,,,,,,,,,,,,,,,
319,0.0,,,,,,,,,,,,,,,,,,,,
383,0.0,,,,,,,,,,,,,,,,,,,,
181,1.0,,,,,,,,,,,,,,,,,,,,
403,0.0,,,,,,,,,,,,,,,,,,,,
556,1.0,,,,,,,,,,,,,,,,,,,,
27,0.0,,,,,,,,,,,,,,,,,,,,
286,0.0,,,,,,,,,,,,,,,,,,,,
67,0.0,,,,,,,,,,,,,,,,,,,,
309,0.0,,,,,,,,,,,,,,,,,,,,
315,0.0,,,,,,,,,,,,,,,,,,,,
119,1.0,,,,,,,,,,,,,,,,,,,,
308,0.0,,,,,,,,,,,,,,,,,,,,
535,0.0,,,,,,,,,,,,,,,,,,,,
196,0.0,,,,,,,,,,,,,,,,,,,,
339,0.0,,,,,,,,,,,,,,,,,,,,
479,0.0,,,,,,,,,,,,,,,,,,,,
255,1.0,,,,,,,,,,,,,,,,,,,,
348,0.0,,,,,,,,,,,,,,,,,,,,
295,0.0,,,,,,,,,,,,,,,,,,,,
500,1.0,,,,,,,,,,,,,,,,,,,,
477,1.0,,,,,,,,,,,,,,,,,,,,
188,0.0,,,,,,,,,,,,,,,,,,,,
538,0.0,,,,,,,,,,,,,,,,,,,,
80,0.0,,,,,,,,,,,,,,,,,,,,
322,0.0,,,,,,,,,,,,,,,,,,,,
438,1.0,,,,,,,,,,,,,,,,,,,,
141,0.0,,,,,,,,,,,,,,,,,,,,
86,0.0,,,,,,,,,,,,,,,,,,,,
134,0.0,,,,,,,,,,,,,,,,,,,,
115,0.0,,,,,,,,,,,,,,,,,,,,
468,1.0,,,,,,,,,,,,,,,,,,,,
143,0.0,,,,,,,,,,,,,,,,,,,,
206,0.0,,,,,,,,,,,,,,,,,,,,
299,1.0,,,,,,,,,,,,,,,,,,,,
539,0.0,,,,,,,,,,,,,,,,,,,,
26,0.0,,,,,,,,,,,,,,,,,,,,
382,0.0,,,,,,,,,,,,,,,,,,,,
512,0.0,,,,,,,,,,,,,,,,,,,,
258,1.0,,,,,,,,,,,,,,,,,,,,
370,0.0,,,,,,,,,,,,,,,,,,,,
200,0.0,,,,,,,,,,,,,,,,,,,,
106,0.0,,,,,,,,,,,,,,,,,,,,
347,0.0,,,,,,,,,,,,,,,,,,,,
29,0.0,,,,,,,,,,,,,,,,,,,,
454,0.0,,,,,,,,,,,,,,,,,,,,
496,1.0,,,,,,,,,,,,,,,,,,,,
363,0.0,,,,,,,,,,,,,,,,,,,,
153,1.0,,,,,,,,,,,,,,,,,,,,
54,0.0,,,,,,,,,,,,,,,,,,,,
28,0.0,,,,,,,,,,,,,,,,,,,,
270,0.0,,,,,,,,,,,,,,,,,,,,
492,1.0,,,,,,,,,,,,,,,,,,,,
152,0.0,,,,,,,,,,,,,,,,,,,,
420,0.0,,,,,,,,,,,,,,,,,,,,
474,1.0,,,,,,,,,,,,,,,,,,,,
595,0.0,,,,,,,,,,,,,,,,,,,,
447,0.0,,,,,,,,,,,,,,,,,,,,
469,1.0,,,,,,,,,,,,,,,,,,,,
102,1.0,,,,,,,,,,,,,,,,,,,,
599,0.0,,,,,,,,,,,,,,,,,,,,
553,1.0,,,,,,,,,,,,,,,,,,,,
195,0.0,,,,,,,,,,,,,,,,,,,,
284,1.0,,,,,,,,,,,,,,,,,,,,
83,0.0,,,,,,,,,,,,,,,,,,,,
178,0.0,,,,,,,,,,,,,,,,,,,,
362,0.0,,,,,,,,,,,,,,,,,,,,
424,0.0,,,,,,,,,,,,,,,,,,,,
197,0.0,,,,,,,,,,,,,,,,,,,,
302,0.0,,,,,,,,,,,,,,,,,,,,
124,1.0,,,,,,,,,,,,,,,,,,,,
94,1.0,,,,,,,,,,,,,,,,,,,,
434,0.0,,,,,,,,,,,,,,,,,,,,
523,0.0,,,,,,,,,,,,,,,,,,,,
401,0.0,,,,,,,,,,,,,,,,,,,,
536,0.0,,,,,,,,,,,,,,,,,,,,
588,0.0,,,,,,,,,,,,,,,,,,,,
155,0.0,,,,,,,,,,,,,,,,,,,,
472,0.0,,,,,,,,,,,,,,,,,,,,
65,0.0,,,,,,,,,,,,,,,,,,,,
234,1.0,,,,,,,,,,,,,,,,,,,,
307,1.0,,,,,,,,,,,,,,,,,,,,
55,1.0,,,,,,,,,,,,,,,,,,,,
464,1.0,,,,,,,,,,,,,,,,,,,,
264,0.0,,,,,,,,,,,,,,,,,,,,
128,1.0,,,,,,,,,,,,,,,,,,,,
542,0.0,,,,,,,,,,,,,,,,,,,,
32,0.0,,,,,,,,,,,,,,,,,,,,
449,1.0,,,,,,,,,,,,,,,,,,,,
140,0.0,,,,,,,,,,,,,,,,,,,,
482,1.0,,,,,,,,,,,,,,,,,,,,
520,0.0,,,,,,,,,,,,,,,,,,,,
239,0.0,,,,,,,,,,,,,,,,,,,,
41,0.0,,,,,,,,,,,,,,,,,,,,
415,0.0,,,,,,,,,,,,,,,,,,,,
64,0.0,,,,,,,,,,,,,,,,,,,,
14,0.0,,,,,,,,,,,,,,,,,,,,
260,1.0,,,,,,,,,,,,,,,,,,,,
51,0.0,,,,,,,,,,,,,,,,,,,,
311,0.0,,,,,,,,,,,,,,,,,,,,
89,0.0,,,,,,,,,,,,,,,,,,,,
462,1.0,,,,,,,,,,,,,,,,,,,,
410,0.0,,,,,,,,,,,,,,,,,,,,
527,0.0,,,,,,,,,,,,,,,,,,,,
205,1.0,,,,,,,,,,,,,,,,,,,,
332,1.0,,,,,,,,,,,,,,,,,,,,
162,0.0,,,,,,,,,,,,,,,,,,,,
66,0.0,,,,,,,,,,,,,,,,,,,,
151,1.0,,,,,,,,,,,,,,,,,,,,
112,0.0,,,,,,,,,,,,,,,,,,,,
17,0.0,,,,,,,,,,,,,,,,,,,,
439,0.0,,,,,,,,,,,,,,,,,,,,
122,0.0,,,,,,,,,,,,,,,,,,,,
219,0.0,,,,,,,,,,,,,,,,,,,,
46,0.0,,,,,,,,,,,,,,,,,,,,
242,1.0,,,,,,,,,,,,,,,,,,,,
335,0.0,,,,,,,,,,,,,,,,,,,,
291,1.0,,,,,,,,,,,,,,,,,,,,
150,0.0,,,,,,,,,,,,,,,,,,,,
407,0.0,,,,,,,,,,,,,,,,,,,,
160,0.0,,,,,,,,,,,,,,,,,,,,
171,0.0,,,,,,,,,,,,,,,,,,,,
279,1.0,,,,,,,,,,,,,,,,,,,,
266,0.0,,,,,,,,,,,,,,,,,,,,
456,1.0,,,,,,,,,,,,,,,,,,,,
223,0.0,,,,,,,,,,,,,,,,,,,,
251,0.0,,,,,,,,,,,,,,,,,,,,
552,1.0,,,,,,,,,,,,,,,,,,,,
566,0.0,,,,,,,,,,,,,,,,,,,,
237,1.0,,,,,,,,,,,,,,,,,,,,
448,0.0,,,,,,,,,,,,,,,,,,,,
430,0.0,,,,,,,,,,,,,,,,,,,,
436,0.0,,,,,,,,,,,,,,,,,,,,
498,1.0,,,,,,,,,,,,,,,,,,,,
267,0.0,,,,,,,,,,,,,,,,,,,,
409,0.0,,,,,,,,,,,,,,,,,,,,
369,1.0,,,,,,,,,,,,,,,,,,,,
506,1.0,,,,,,,,,,,,,,,,,,,,
521,0.0,,,,,,,,,,,,,,,,,,,,
392,0.0,,,,,,,,,,,,,,,,,,,,
31,0.0,,,,,,,,,,,,,,,,,,,,
460,0.0,,,,,,,,,,,,,,,,,,,,
221,1.0,,,,,,,,,,,,,,,,,,,,
495,0.0,,,,,,,,,,,,,,,,,,,,
163,0.0,,,,,,,,,,,,,,,,,,,,
324,0.0,,,,,,,,,,,,,,,,,,,,
214,0.0,,,,,,,,,,,,,,,,,,,,
584,0.0,,,,,,,,,,,,,,,,,,,,
16,0.0,,,,,,,,,,,,,,,,,,,,
574,1.0,,,,,,,,,,,,,,,,,,,,
488,0.0,,,,,,,,,,,,,,,,,,,,
44,0.0,,,,,,,,,,,,,,,,,,,,
455,0.0,,,,,,,,,,,,,,,,,,,,
11,1.0,,,,,,,,,,,,,,,,,,,,
384,0.0,,,,,,,,,,,,,,,,,,,,
177,0.0,,,,,,,,,,,,,,,,,,,,
568,0.0,,,,,,,,,,,,,,,,,,,,
97,1.0,,,,,,,,,,,,,,,,,,,,
337,1.0,,,,,,,,,,,,,,,,,,,,
194,0.0,,,,,,,,,,,,,,,,,,,,
274,0.0,,,,,,,,,,,,,,,,,,,,
371,0.0,,,,,,,,,,,,,,,,,,,,
398,0.0,,,,,,,,,,,,,,,,,,,,
361,0.0,,,,,,,,,,,,,,,,,,,,
53,0.0,,,,,,,,,,,,,,,,,,,,
350,0.0,,,,,,,,,,,,,,,,,,,,
278,0.0,,,,,,,,,,,,,,,,,,,,
248,0.0,,,,,,,,,,,,,,,,,,,,
154,1.0,,,,,,,,,,,,,,,,,,,,
133,0.0,,,,,,,,,,,,,,,,,,,,
24,0.0,,,,,,,,,,,,,,,,,,,,
375,1.0,,,,,,,,,,,,,,,,,,,,
156,1.0,,,,,,,,,,,,,,,,,,,,
397,0.0,,,,,,,,,,,,,,,,,,,,
585,1.0,,,,,,,,,,,,,,,,,,,,
485,0.0,,,,,,,,,,,,,,,,,,,,
598,0.0,,,,,,,,,,,,,,,,,,,,
184,1.0,,,,,,,,,,,,,,,,,,,,
95,0.0,,,,,,,,,,,,,,,,,,,,
329,0.0,,,,,,,,,,,,,,,,,,,,
176,0.0,,,,,,,,,,,,,,,,,,,,
582,1.0,,,,,,,,,,,,,,,,,,,,
532,0.0,,,,,,,,,,,,,,,,,,,,
72,0.0,,,,,,,,,,,,,,,,,,,,
440,0.0,,,,,,,,,,,,,,,,,,,,
416,0.0,,,,,,,,,,,,,,,,,,,,
18,1.0,,,,,,,,,,,,,,,,,,,,
349,0.0,,,,,,,,,,,,,,,,,,,,
116,0.0,,,,,,,,,,,,,,,,,,,,
59,0.0,,,,,,,,,,,,,,,,,,,,
58,1.0,,,,,,,,,,,,,,,,,,,,
76,1.0,,,,,,,,,,,,,,,,,,,,
293,0.0,,,,,,,,,,,,,,,,,,,,
2,1.0,,,,,,,,,,,,,,,,,,,,
269,0.0,,,,,,,,,,,,,,,,,,,,
305,1.0,,,,,,,,,,,,,,,,,,,,
222,0.0,,,,,,,,,,,,,,,,,,,,
494,0.0,,,,,,,,,,,,,,,,,,,,
250,1.0,,,,,,,,,,,,,,,,,,,,
217,1.0,,,,,,,,,,,,,,,,,,,,
533,1.0,,,,,,,,,,,,,,,,,,,,
437,1.0,,,,,,,,,,,,,,,,,,,,
244,1.0,,,,,,,,,,,,,,,,,,,,
317,0.0,,,,,,,,,,,,,,,,,,,,
261,0.0,,,,,,,,,,,,,,,,,,,,
190,0.0,,,,,,,,,,,,,,,,,,,,
288,0.0,,,,,,,,,,,,,,,,,,,,
336,0.0,,,,,,,,,,,,,,,,,,,,
85,0.0,,,,,,,,,,,,,,,,,,,,
497,1.0,,,,,,,,,,,,,,,,,,,,
380,0.0,,,,,,,,,,,,,,,,,,,,
301,0.0,,,,,,,,,,,,,,,,,,,,
236,0.0,,,,,,,,,,,,,,,,,,,,
56,0.0,,,,,,,,,,,,,,,,,,,,
193,1.0,,,,,,,,,,,,,,,,,,,,
110,1.0,,,,,,,,,,,,,,,,,,,,
365,0.0,,,,,,,,,,,,,,,,,,,,
15,0.0,,,,,,,,,,,,,,,,,,,,
99,0.0,,,,,,,,,,,,,,,,,,,,
8,1.0,,,,,,,,,,,,,,,,,,,,
431,1.0,,,,,,,,,,,,,,,,,,,,
338,0.0,,,,,,,,,,,,,,,,,,,,
103,1.0,,,,,,,,,,,,,,,,,,,,
187,0.0,,,,,,,,,,,,,,,,,,,,
426,0.0,,,,,,,,,,,,,,,,,,,,
549,0.0,,,,,,,,,,,,,,,,,,,,
508,0.0,,,,,,,,,,,,,,,,,,,,
414,0.0,,,,,,,,,,,,,,,,,,,,
596,0.0,,,,,,,,,,,,,,,,,,,,
275,1.0,,,,,,,,,,,,,,,,,,,,
129,0.0,,,,,,,,,,,,,,,,,,,,
283,0.0,,,,,,,,,,,,,,,,,,,,
157,1.0,,,,,,,,,,,,,,,,,,,,
312,0.0,,,,,,,,,,,,,,,,,,,,
93,0.0,,,,,,,,,,,,,,,,,,,,
467,1.0,,,,,,,,,,,,,,,,,,,,
579,0.0,,,,,,,,,,,,,,,,,,,,
108,0.0,,,,,,,,,,,,,,,,,,,,
68,0.0,,,,,,,,,,,,,,,,,,,,
183,0.0,,,,,,,,,,,,,,,,,,,,
387,0.0,,,,,,,,,,,,,,,,,,,,
487,0.0,,,,,,,,,,,,,,,,,,,,
298,0.0,,,,,,,,,,,,,,,,,,,,
148,0.0,,,,,,,,,,,,,,,,,,,,
591,0.0,,,,,,,,,,,,,,,,,,,,
483,0.0,,,,,,,,,,,,,,,,,,,,
257,1.0,,,,,,,,,,,,,,,,,,,,
429,0.0,,,,,,,,,,,,,,,,,,,,
543,1.0,,,,,,,,,,,,,,,,,,,,
88,1.0,,,,,,,,,,,,,,,,,,,,
113,1.0,,,,,,,,,,,,,,,,,,,,
146,1.0,,,,,,,,,,,,,,,,,,,,
137,0.0,,,,,,,,,,,,,,,,,,,,
191,0.0,,,,,,,,,,,,,,,,,,,,
297,1.0,,,,,,,,,,,,,,,,,,,,
514,0.0,,,,,,,,,,,,,,,,,,,,
390,0.0,,,,,,,,,,,,,,,,,,,,
419,0.0,,,,,,,,,,,,,,,,,,,,
388,0.0,,,,,,,,,,,,,,,,,,,,
262,0.0,,,,,,,,,,,,,,,,,,,,
499,1.0,,,,,,,,,,,,,,,,,,,,
79,0.0,,,,,,,,,,,,,,,,,,,,
471,0.0,,,,,,,,,,,,,,,,,,,,
571,0.0,,,,,,,,,,,,,,,,,,,,
560,0.0,,,,,,,,,,,,,,,,,,,,
174,0.0,,,,,,,,,,,,,,,,,,,,
558,1.0,,,,,,,,,,,,,,,,,,,,
233,0.0,,,,,,,,,,,,,,,,,,,,
578,0.0,,,,,,,,,,,,,,,,,,,,
316,0.0,,,,,,,,,,,,,,,,,,,,
310,0.0,,,,,,,,,,,,,,,,,,,,
48,1.0,,,,,,,,,,,,,,,,,,,,
544,0.0,,,,,,,,,,,,,,,,,,,,
351,1.0,,,,,,,,,,,,,,,,,,,,
465,0.0,,,,,,,,,,,,,,,,,,,,
164,0.0,,,,,,,,,,,,,,,,,,,,
259,0.0,,,,,,,,,,,,,,,,,,,,
169,1.0,,,,,,,,,,,,,,,,,,,,
243,1.0,,,,,,,,,,,,,,,,,,,,
263,0.0,,,,,,,,,,,,,,,,,,,,
91,0.0,,,,,,,,,,,,,,,,,,,,
318,1.0,,,,,,,,,,,,,,,,,,,,
104,0.0,,,,,,,,,,,,,,,,,,,,
325,0.0,,,,,,,,,,,,,,,,,,,,
402,0.0,,,,,,,,,,,,,,,,,,,,
395,0.0,,,,,,,,,,,,,,,,,,,,
408,0.0,,,,,,,,,,,,,,,,,,,,
354,0.0,,,,,,,,,,,,,,,,,,,,
358,0.0,,,,,,,,,,,,,,,,,,,,
344,1.0,,,,,,,,,,,,,,,,,,,,
503,0.0,,,,,,,,,,,,,,,,,,,,
366,1.0,,,,,,,,,,,,,,,,,,,,
405,0.0,,,,,,,,,,,,,,,,,,,,
224,0.0,,,,,,,,,,,,,,,,,,,,
101,0.0,,,,,,,,,,,,,,,,,,,,
21,0.0,,,,,,,,,,,,,,,,,,,,
105,0.0,,,,,,,,,,,,,,,,,,,,
173,0.0,,,,,,,,,,,,,,,,,,,,
10,1.0,,,,,,,,,,,,,,,,,,,,
396,1.0,,,,,,,,,,,,,,,,,,,,
202,0.0,,,,,,,,,,,,,,,,,,,,
589,1.0,,,,,,,,,,,,,,,,,,,,
548,1.0,,,,,,,,,,,,,,,,,,,,
313,0.0,,,,,,,,,,,,,,,,,,,,
13,1.0,,,,,,,,,,,,,,,,,,,,
36,1.0,,,,,,,,,,,,,,,,,,,,
277,0.0,,,,,,,,,,,,,,,,,,,,
123,0.0,,,,,,,,,,,,,,,,,,,,
546,0.0,,,,,,,,,,,,,,,,,,,,
586,0.0,,,,,,,,,,,,,,,,,,,,
121,0.0,,,,,,,,,,,,,,,,,,,,
374,1.0,,,,,,,,,,,,,,,,,,,,
144,0.0,,,,,,,,,,,,,,,,,,,,
452,1.0,,,,,,,,,,,,,,,,,,,,
314,1.0,,,,,,,,,,,,,,,,,,,,
486,0.0,,,,,,,,,,,,,,,,,,,,
204,1.0,,,,,,,,,,,,,,,,,,,,
87,0.0,,,,,,,,,,,,,,,,,,,,
300,1.0,,,,,,,,,,,,,,,,,,,,
356,1.0,,,,,,,,,,,,,,,,,,,,
323,0.0,,,,,,,,,,,,,,,,,,,,
515,0.0,,,,,,,,,,,,,,,,,,,,
567,0.0,,,,,,,,,,,,,,,,,,,,
320,0.0,,,,,,,,,,,,,,,,,,,,
480,1.0,,,,,,,,,,,,,,,,,,,,
33,0.0,,,,,,,,,,,,,,,,,,,,
161,1.0,,,,,,,,,,,,,,,,,,,,
590,0.0,,,,,,,,,,,,,,,,,,,,
241,1.0,,,,,,,,,,,,,,,,,,,,
389,0.0,,,,,,,,,,,,,,,,,,,,
240,0.0,,,,,,,,,,,,,,,,,,,,
399,1.0,,,,,,,,,,,,,,,,,,,,
179,0.0,,,,,,,,,,,,,,,,,,,,
597,1.0,,,,,,,,,,,,,,,,,,,,
23,1.0,,,,,,,,,,,,,,,,,,,,
25,0.0,,,,,,,,,,,,,,,,,,,,
215,0.0,,,,,,,,,,,,,,,,,,,,
12,0.0,,,,,,,,,,,,,,,,,,,,
296,1.0,,,,,,,,,,,,,,,,,,,,
475,0.0,,,,,,,,,,,,,,,,,,,,
372,0.0,,,,,,,,,,,,,,,,,,,,
547,1.0,,,,,,,,,,,,,,,,,,,,
513,1.0,,,,,,,,,,,,,,,,,,,,
473,0.0,,,,,,,,,,,,,,,,,,,,
180,0.0,,,,,,,,,,,,,,,,,,,,
136,0.0,,,,,,,,,,,,,,,,,,,,
592,0.0,,,,,,,,,,,,,,,,,,,,
276,1.0,,,,,,,,,,,,,,,,,,,,
82,1.0,,,,,,,,,,,,,,,,,,,,
218,0.0,,,,,,,,,,,,,,,,,,,,
570,0.0,,,,,,,,,,,,,,,,,,,,
246,1.0,,,,,,,,,,,,,,,,,,,,
453,0.0,,,,,,,,,,,,,,,,,,,,
386,0.0,,,,,,,,,,,,,,,,,,,,
73,0.0,,,,,,,,,,,,,,,,,,,,
428,0.0,,,,,,,,,,,,,,,,,,,,
281,0.0,,,,,,,,,,,,,,,,,,,,
357,1.0,,,,,,,,,,,,,,,,,,,,
235,0.0,,,,,,,,,,,,,,,,,,,,
470,0.0,,,,,,,,,,,,,,,,,,,,
352,0.0,,,,,,,,,,,,,,,,,,,,
231,1.0,,,,,,,,,,,,,,,,,,,,
39,0.0,,,,,,,,,,,,,,,,,,,,
562,1.0,,,,,,,,,,,,,,,,,,,,
459,1.0,,,,,,,,,,,,,,,,,,,,
5,1.0,,,,,,,,,,,,,,,,,,,,
411,0.0,,,,,,,,,,,,,,,,,,,,
30,0.0,,,,,,,,,,,,,,,,,,,,
271,0.0,,,,,,,,,,,,,,,,,,,,
172,0.0,,,,,,,,,,,,,,,,,,,,
593,1.0,,,,,,,,,,,,,,,,,,,,
74,0.0,,,,,,,,,,,,,,,,,,,,
377,0.0,,,,,,,,,,,,,,,,,,,,
400,0.0,,,,,,,,,,,,,,,,,,,,
35,0.0,,,,,,,,,,,,,,,,,,,,
114,0.0,,,,,,,,,,,,,,,,,,,,
216,1.0,,,,,,,,,,,,,,,,,,,,
198,0.0,,,,,,,,,,,,,,,,,,,,
575,0.0,,,,,,,,,,,,,,,,,,,,
